chain id|,ch total ASA|,ch b-bone ASA|,ch s-chain ASA|,ch polar ASA|,ch n-polar ASA|,res id|,res name|,total ASA|,b-bone ASA|,s-chain ASA|,polar ASA|,n-polar ASA|,total RASA|,b-bone RASA|,s-chain RASA|,polar RASA|,n-polar RASA|,average DPX|,s_avg DPX|,s-ch avg DPX|,s-ch s_avg DPX|,max DPX|,min DPX|,average CX|,s_avg CX|,s-ch avg CX|,s-ch s_avg CX|,max CX|,min CX|,Hydrophobicity|
B,6790.8,1429.4,5361.4,3040.5,3750.3,1,LYS,236.12,85.847,150.27,99.378,136.74,120.38,241.48,93.572,136.9,110.67,0,0,0,0,0,0,8.108,4.3446,11.181,3.5116,16.366,3.5304,-3.9
B,6790.8,1429.4,5361.4,3040.5,3750.3,2,GLU,86.775,37.963,48.813,52.516,34.26,50.589,106.19,35.952,52.094,48.444,0,0,0,0,0,0,1.8251,0.5648,1.3626,0.22954,2.7214,1.1484,-3.5
B,6790.8,1429.4,5361.4,3040.5,3750.3,3,THR,91.438,9.2218,82.216,6.422,85.016,66.943,27.012,80.25,11.427,105.75,0.17879,0.43795,0,0,1.2515,0,1.887,0.48612,2.1438,0.56975,2.932,1.3415,-0.7
B,6790.8,1429.4,5361.4,3040.5,3750.3,4,ALA,58.55,13.4,45.15,8.4166,50.133,54.597,30.932,70.635,27.002,65.913,0.24719,0.49438,0,0,1.236,0,0.87361,0.27734,0.96601,0,1.3415,0.51013,1.8
B,6790.8,1429.4,5361.4,3040.5,3750.3,5,ALA,28.267,1.7249,26.543,1.6849,26.583,26.359,3.9818,41.525,5.4055,34.949,0.24652,0.49304,0,0,1.2326,0,0.60571,0.090651,0.66718,0,0.73665,0.478,1.8
B,6790.8,1429.4,5361.4,3040.5,3750.3,6,ALA,39.753,5.1527,34.6,4.2235,35.53,37.069,11.895,54.131,13.55,46.713,0.24772,0.49545,0,0,1.2386,0,0.92602,0.23168,1.3682,0,1.3682,0.70818,1.8
B,6790.8,1429.4,5361.4,3040.5,3750.3,7,LYS,94.497,0,94.497,48.262,46.235,48.178,0,58.844,66.486,37.422,0.82245,0.95947,0,0,2.2712,0,0.80818,0.30983,0.98499,0.27693,1.5108,0.37104,-3.9
B,6790.8,1429.4,5361.4,3040.5,3750.3,8,PHE,3.856,1.9921,1.8639,0.2292,3.6268,1.9191,5.9165,1.1144,0.85618,2.0825,1.0977,0.89908,1.1606,0.80536,2.4075,0,0.13521,0.12178,0.067636,0.061387,0.42738,0,2.8
B,6790.8,1429.4,5361.4,3040.5,3750.3,9,GLU,65.231,3.4407,61.791,49.28,15.951,38.029,9.6243,45.511,48.884,22.556,0.43651,0.84427,0,0,2.4188,0,0.49614,0.22745,0.65451,0.18664,0.89452,0.24789,-3.5
B,6790.8,1429.4,5361.4,3040.5,3750.3,10,ARG,73.011,8.7814,64.229,26.156,46.855,31.334,23.824,32.745,17.828,54.293,0.35818,0.78409,0,0,2.4241,0,0.54002,0.17834,0.65234,0.097532,0.79653,0.2187,-4.5
B,6790.8,1429.4,5361.4,3040.5,3750.3,11,GLN,26.74,0,26.74,26.74,0,15.024,0,18.731,23.21,0,2.2808,1.4916,1.2559,1.1346,4.0757,0,0.25264,0.12578,0.33219,0.10503,0.49926,0.074214,-3.5
B,6790.8,1429.4,5361.4,3040.5,3750.3,12,HIS,15.798,0,15.798,8.1586,7.6393,8.7315,0,10.814,10.928,7.1886,1.9502,1.5131,0.88323,0.98007,3.6577,0,0.10045,0.053429,0.12579,0.052481,0.22587,0.036804,-3.2
B,6790.8,1429.4,5361.4,3040.5,3750.3,13,MET,13.255,2.77,10.485,2.2108,11.044,7.0956,8.1327,6.8643,7.9957,6.9392,0.72253,0.96356,0.45288,0.78442,2.4571,0,0.16078,0.050309,0.16804,0.049828,0.2187,0.085404,1.9
B,6790.8,1429.4,5361.4,3040.5,3750.3,14,ASP,4.5782,0.751,3.8272,3.7822,0.796,3.178,2.0775,3.5467,4.0028,1.6058,0.7999,0.84857,0.37435,0.64839,2.2809,0,0.3191,0.11204,0.33648,0.11349,0.52115,0.13878,-3.5
B,6790.8,1429.4,5361.4,3040.5,3750.3,15,SER,64.015,28.287,35.728,32.001,32.015,55.521,69.229,47.996,51.308,60.485,0,0,0,0,0,0,0.79243,0.25076,0.69368,0.10285,1.217,0.45733,-0.8
B,6790.8,1429.4,5361.4,3040.5,3750.3,16,SER,102.72,43.031,59.688,43.757,58.961,89.088,105.31,80.182,70.158,111.39,0,0,0,0,0,0,1.6178,0.31138,1.6653,0.2699,1.9771,1.084,-0.8
B,6790.8,1429.4,5361.4,3040.5,3750.3,17,THR,45.033,8.7797,36.253,0.6387,44.394,32.969,25.717,35.386,1.1365,55.224,0.39431,0.625,0.48742,0.68932,1.4623,0,0.83039,0.19792,0.79014,0.22364,1.0431,0.49926,-0.7
B,6790.8,1429.4,5361.4,3040.5,3750.3,18,SER,95.744,18.829,76.915,41.151,54.594,83.039,46.083,103.32,65.978,103.14,0.20688,0.46259,0,0,1.2413,0,1.0816,0.41641,1.6152,0.16345,1.7786,0.60306,-0.8
B,6790.8,1429.4,5361.4,3040.5,3750.3,19,ALA,37.697,6.7161,30.981,6.7161,30.981,35.152,15.503,48.468,21.547,40.732,0.54525,0.67228,0,0,1.4858,0,0.6227,0.109,0.79653,0,0.79653,0.478,1.8
B,6790.8,1429.4,5361.4,3040.5,3750.3,20,ALA,17.028,14.33,2.6981,14.33,2.6981,15.878,33.079,4.2211,45.973,3.5473,1.0073,0.89045,0,0,2.2833,0,0.48177,0.21698,0.31897,0,0.86069,0.30248,1.8
B,6790.8,1429.4,5361.4,3040.5,3750.3,21,SER,90.564,38.368,52.197,45.102,45.462,78.547,93.901,70.119,72.313,85.892,0.24658,0.55137,0,0,1.4795,0,1.1669,0.32183,1.1158,0.01074,1.7421,0.65395,-0.8
B,6790.8,1429.4,5361.4,3040.5,3750.3,22,SER,61.429,14.438,46.99,10.644,50.784,53.277,35.336,63.125,17.066,95.947,0.42479,0.60133,0,0,1.3203,0,1.371,0.4729,1.9633,0.14711,2.1104,0.69429,-0.8
B,6790.8,1429.4,5361.4,3040.5,3750.3,23,SER,93.608,16.422,77.186,44.891,48.717,81.186,40.191,103.69,71.975,92.041,0,0,0,0,0,0,1.258,0.39133,1.7383,0.19687,1.9352,0.76608,-0.8
B,6790.8,1429.4,5361.4,3040.5,3750.3,24,ASN,74.698,1.1396,73.559,57.596,17.102,49.518,3.1256,64.305,53.29,39.987,0.31835,0.55163,0,0,1.3056,0,1.2525,0.50005,1.6153,0.4454,2.3613,0.62811,-3.5
B,6790.8,1429.4,5361.4,3040.5,3750.3,25,TYR,9.7968,2.4705,7.3263,0.1585,9.6383,4.5949,7.3549,4.0788,0.22888,6.6947,1.2908,0.98943,1.4492,0.93371,2.4192,0,0.1924,0.17892,0.10082,0.11441,0.59082,0,-1.3
B,6790.8,1429.4,5361.4,3040.5,3750.3,26,CYS,0.0302,0,0.0302,0,0.0302,0.022973,0,0.031676,0,0.029019,1.5504,0.79235,0.91954,0.91954,2.4141,0,0.07336,0.064211,0.024567,0.022656,0.18408,0.0019112,2.5
B,6790.8,1429.4,5361.4,3040.5,3750.3,27,ASN,49.437,8.9271,40.51,35.261,14.176,32.772,24.485,35.414,32.625,33.144,0.15362,0.40645,0.30725,0.53217,1.229,0,0.43843,0.12815,0.50035,0.13333,0.69429,0.25541,-3.5
B,6790.8,1429.4,5361.4,3040.5,3750.3,28,GLN,101.56,2.4262,99.132,62.177,39.381,57.058,6.8848,69.439,53.968,62.729,0.31749,0.59581,0,0,1.5278,0,0.98102,0.45188,1.3127,0.34212,1.7786,0.46759,-3.5
B,6790.8,1429.4,5361.4,3040.5,3750.3,29,MET,28.274,0,28.274,0,28.274,15.136,0,18.511,0,17.765,1.4345,1.2618,0.37807,0.65484,3.161,0,0.23838,0.086617,0.18889,0.090299,0.36208,0.096829,1.9
B,6790.8,1429.4,5361.4,3040.5,3750.3,30,MET,0.165,0,0.165,0,0.165,0.08833,0,0.10803,0,0.10368,1.8983,0.98985,1.9198,1.3108,3.4343,0,0.072339,0.093077,0,0,0.26302,0,1.9
B,6790.8,1429.4,5361.4,3040.5,3750.3,31,LYS,128,8.1925,119.8,42.538,85.457,65.257,23.045,74.602,58.601,69.168,0.30331,0.56961,0,0,1.4703,0,0.81817,0.30032,0.99069,0.24742,1.3415,0.33588,-3.9
B,6790.8,1429.4,5361.4,3040.5,3750.3,32,SER,84.56,36.94,47.62,32.78,51.78,73.339,90.406,63.972,52.558,97.828,0.24557,0.54911,0,0,1.4734,0,0.99732,0.11204,1.0046,0.14387,1.1484,0.86069,-0.8
B,6790.8,1429.4,5361.4,3040.5,3750.3,33,ARG,52.946,1.7173,51.229,36.826,16.12,22.723,4.659,26.117,25.101,18.679,0.50627,0.67349,0.43054,0.68081,1.5237,0,0.45394,0.14181,0.36898,0.096284,0.70818,0.21161,-4.5
B,6790.8,1429.4,5361.4,3040.5,3750.3,34,ASN,84.655,9.5578,75.097,76.733,7.9213,56.118,26.214,65.65,70.997,18.521,0.16031,0.42414,0,0,1.2825,0,1.0028,0.45527,1.4082,0.27454,1.7421,0.46759,-3.5
B,6790.8,1429.4,5361.4,3040.5,3750.3,35,LEU,13.752,6.7371,7.0146,1.2676,12.484,7.7313,20.615,4.8313,4.5663,8.3172,0.88012,0.93215,1.3927,0.89838,2.5112,0,0.18891,0.069436,0.14429,0.053283,0.31897,0.091087,3.8
B,6790.8,1429.4,5361.4,3040.5,3750.3,36,THR,16.388,3.7021,12.686,4.4812,11.906,11.998,10.844,12.382,7.9737,14.811,0.21177,0.51873,0,0,1.4824,0,0.33316,0.14533,0.2324,0.088444,0.59082,0.11443,-0.7
B,6790.8,1429.4,5361.4,3040.5,3750.3,37,LYS,116.22,17.545,98.675,43.49,72.73,59.254,49.354,61.445,59.912,58.867,0.13931,0.39402,0,0,1.2538,0,1.6429,0.88903,2.1385,0.89932,3.6311,0.65395,-3.9
B,6790.8,1429.4,5361.4,3040.5,3750.3,38,ASP,112.87,22.723,90.145,74.56,38.308,78.348,62.857,83.537,78.908,77.28,0.15543,0.41122,0,0,1.2434,0,2.1327,0.68615,2.736,0.4105,3.253,1.217,-3.5
B,6790.8,1429.4,5361.4,3040.5,3750.3,39,ARG,151.21,3.1683,148.04,86.494,64.712,64.893,8.5955,75.472,58.956,74.986,0.24619,0.52433,0,0,1.4635,0,1.3534,0.52347,1.674,0.34237,2.3613,0.51013,-4.5
B,6790.8,1429.4,5361.4,3040.5,3750.3,40,CYS,14.595,9.8205,4.7744,9.8205,4.7744,11.102,27.189,5.0078,35.841,4.5877,0.45124,0.64194,0,0,1.4744,0,0.41068,0.077817,0.3403,0.012929,0.53233,0.32737,2.5
B,6790.8,1429.4,5361.4,3040.5,3750.3,41,LYS,45.859,0,45.859,6.7649,39.094,23.381,0,28.556,9.3193,31.642,1.0387,1.2176,0,0,3.0567,0,0.42832,0.10251,0.45386,0.097735,0.5669,0.27851,-3.9
B,6790.8,1429.4,5361.4,3040.5,3750.3,42,PRO,56.396,0.0399,56.356,0.0399,56.356,42.156,0.12128,55.865,0.19036,49.952,0.60445,0.7032,0,0,1.5218,0,0.85015,0.31028,1.1866,0.13541,1.3682,0.478,1.6
B,6790.8,1429.4,5361.4,3040.5,3750.3,43,VAL,51.211,6.8229,44.388,6.3593,44.852,34.292,21.778,37.614,24.544,36.338,0.21278,0.5212,0,0,1.4895,0,0.72505,0.27229,1.003,0.15713,1.217,0.41767,4.2
B,6790.8,1429.4,5361.4,3040.5,3750.3,44,ASN,5.8286,5.8286,0,0,5.8286,3.8638,15.986,0,0,13.628,1.6349,1.2102,2.6238,0.74403,3.575,0,0.13745,0.098772,0.07706,0.061072,0.31897,0,-3.5
B,6790.8,1429.4,5361.4,3040.5,3750.3,45,THR,10.945,0.8125,10.133,10.906,0.0392,8.0131,2.3799,9.8903,19.406,0.048762,1.1826,1.109,0.51295,0.72542,2.7945,0,0.091318,0.069768,0.13523,0.072955,0.22587,0.0067513,-0.7
B,6790.8,1429.4,5361.4,3040.5,3750.3,46,PHE,0,0,0,0,0,0,0,0,0,0,4.492,0.52366,4.5593,0.45327,5.1061,3.3326,0.0038171,0.012071,0.0059982,0.014693,0.041988,0,2.8
B,6790.8,1429.4,5361.4,3040.5,3750.3,47,VAL,0,0,0,0,0,0,0,0,0,0,4.3996,0.75995,4.8917,0.6832,5.7239,3.3498,0.010515,0.016626,0,0,0.036804,0,4.2
B,6790.8,1429.4,5361.4,3040.5,3750.3,48,HIS,8.6187,8.6187,0,7.7752,0.8435,4.7636,24.738,0,10.414,0.79373,2.4621,1.4579,3.4381,0.64758,4.5828,0,0.20023,0.10389,0.16763,0.071745,0.41767,0.052513,-3.2
B,6790.8,1429.4,5361.4,3040.5,3750.3,49,GLU,49.151,5.3002,43.851,37.02,12.13,28.654,14.826,32.298,36.723,17.153,0.4536,0.64416,0.30061,0.60121,1.503,0,0.46163,0.10528,0.46744,0.10894,0.64093,0.30248,-3.5
B,6790.8,1429.4,5361.4,3040.5,3750.3,50,SER,53.013,8.7265,44.287,8.619,44.394,45.978,21.357,59.493,13.819,83.873,0.60187,0.89355,0,0,2.2766,0,1.0635,0.31024,1.4823,0.059103,1.5414,0.76608,-0.8
B,6790.8,1429.4,5361.4,3040.5,3750.3,51,LEU,61.718,4.4456,57.272,4.4456,57.272,34.698,13.603,39.446,16.014,38.156,0.63015,0.85075,0,0,2.2479,0,0.81723,0.17708,0.81561,0.22514,1.0633,0.45733,3.8
B,6790.8,1429.4,5361.4,3040.5,3750.3,52,ALA,69.712,13.468,56.245,8.7274,60.985,65.006,31.088,87.992,27.999,80.18,0,0,0,0,0,0,1.5393,0.41343,2.3079,0,2.3079,1.1265,1.8
B,6790.8,1429.4,5361.4,3040.5,3750.3,53,ASP,76.271,2.4525,73.819,57.436,18.836,52.944,6.7842,68.408,60.785,37.998,0.31628,0.54824,0,0,1.3087,0,1.1424,0.45673,1.4485,0.32436,1.8548,0.42738,-3.5
B,6790.8,1429.4,5361.4,3040.5,3750.3,54,VAL,0,0,0,0,0,0,0,0,0,0,3.2612,0.67397,3.9801,0.218,4.1509,2.2612,0.21201,0.1527,0.092546,0.065637,0.53233,0,4.2
B,6790.8,1429.4,5361.4,3040.5,3750.3,55,GLN,64.266,4.8321,59.434,52.66,11.606,36.107,13.712,41.632,45.708,18.486,0.44196,0.85674,0,0,2.4648,0,0.6473,0.26433,0.83191,0.21833,1.1484,0.35323,-3.5
B,6790.8,1429.4,5361.4,3040.5,3750.3,56,ALA,42.536,10.291,32.245,1.1254,41.411,39.664,23.757,50.445,3.6105,54.445,0.25259,0.50518,0,0,1.263,0,0.60805,0.13018,0.84423,0,0.84423,0.45733,1.8
B,6790.8,1429.4,5361.4,3040.5,3750.3,57,VAL,0,0,0,0,0,0,0,0,0,0,3.2652,0.69925,3.9723,0.41196,4.2858,2.2868,0.12718,0.08103,0.03904,0.022935,0.24046,0.0067513,4.2
B,6790.8,1429.4,5361.4,3040.5,3750.3,58,CYS,7.2301,4.3848,2.8453,3.618,3.6121,5.4998,12.14,2.9844,13.204,3.4708,0.9674,1.008,0.91083,0.91083,2.4721,0,0.24988,0.11038,0.17081,0.062312,0.42738,0.1085,2.5
B,6790.8,1429.4,5361.4,3040.5,3750.3,59,SER,92.656,26.043,66.613,43.353,49.303,80.361,63.737,89.485,69.509,93.148,0,0,0,0,0,0,0.97897,0.28595,1.2419,0.048212,1.2901,0.46759,-0.8
B,6790.8,1429.4,5361.4,3040.5,3750.3,60,GLN,43.991,10.798,33.193,40.105,3.8859,24.715,30.642,23.251,34.811,6.1897,0.8518,0.82433,0.54899,0.67987,2.3496,0,0.68185,0.11923,0.61829,0.11282,0.86069,0.46759,-3.5
B,6790.8,1429.4,5361.4,3040.5,3750.3,61,LYS,95.501,5.4334,90.067,36.1,59.401,48.69,15.284,56.085,49.731,48.078,0.55967,0.82615,0,0,2.2533,0,0.92349,0.37684,1.1774,0.30831,1.6379,0.40809,-3.9
B,6790.8,1429.4,5361.4,3040.5,3750.3,62,ASN,81.312,26.699,54.613,58.517,22.795,53.903,73.23,47.743,54.142,53.297,0.35282,0.61264,0.33109,0.57346,1.4982,0,0.89118,0.23975,0.97297,0.23063,1.3415,0.60306,-3.5
B,6790.8,1429.4,5361.4,3040.5,3750.3,63,VAL,36.662,7.5623,29.1,0,36.662,24.549,24.138,24.659,0,29.703,0.36591,0.57904,0,0,1.3254,0,0.60258,0.15829,0.57147,0.2012,0.79653,0.29439,4.2
B,6790.8,1429.4,5361.4,3040.5,3750.3,64,ALA,61.838,21.272,40.566,21.101,40.736,57.663,49.104,63.463,67.697,53.558,0.29597,0.59193,0,0,1.4798,0,0.8925,0.27824,1.4232,0,1.4232,0.65395,1.8
B,6790.8,1429.4,5361.4,3040.5,3750.3,65,CYS,10.083,7.2832,2.8002,5.6291,4.4543,7.6703,20.164,2.9371,20.544,4.2801,0.47188,0.67067,0,0,1.5313,0,0.70688,0.27605,0.44409,0.099593,1.1937,0.3445,2.5
B,6790.8,1429.4,5361.4,3040.5,3750.3,66,LYS,159.49,37.687,121.8,69.435,90.052,81.313,106.01,75.845,95.653,72.887,0,0,0,0,0,0,1.73,0.4959,1.7076,0.25832,2.7214,0.89452,-3.9
B,6790.8,1429.4,5361.4,3040.5,3750.3,67,ASN,114.86,41.414,73.448,68.439,46.423,76.143,113.59,64.208,63.322,108.54,0.15446,0.40867,0.30893,0.53508,1.2357,0,1.9194,0.5146,1.5799,0.29369,2.932,1.2901,-3.5
B,6790.8,1429.4,5361.4,3040.5,3750.3,68,GLY,53.471,53.471,0,21.487,31.984,66.39,66.39,0,56.664,75.026,0,0,0,0,0,0,2.1255,0.10532,0,0,2.3079,2.0647,-0.4
B,6790.8,1429.4,5361.4,3040.5,3750.3,69,GLN,105.82,6.078,99.738,67.952,37.864,59.451,17.247,69.864,58.981,60.313,0.39904,0.77954,0,0,2.2718,0,1.6428,0.35798,1.8342,0.1761,2.1575,0.92961,-3.5
B,6790.8,1429.4,5361.4,3040.5,3750.3,70,THR,88.831,14.882,73.949,44.508,44.323,65.035,43.591,72.181,79.196,55.135,0.20735,0.50791,0,0,1.4515,0,1.1996,0.33097,1.5582,0.12742,1.7065,0.82805,-0.7
B,6790.8,1429.4,5361.4,3040.5,3750.3,71,ASN,23.349,1.0631,22.286,7.5861,15.763,15.478,2.9158,19.483,7.019,36.856,0.64167,0.87817,0.31189,0.54022,2.3655,0,0.41421,0.14227,0.46318,0.032897,0.60306,0.15776,-3.5
B,6790.8,1429.4,5361.4,3040.5,3750.3,72,CYS,0.1818,0,0.1818,0,0.1818,0.13829,0,0.19069,0,0.17469,2.4279,1.2898,0.9154,0.9154,3.8166,0,0.18467,0.078986,0.15776,0,0.33588,0.074214,2.5
B,6790.8,1429.4,5361.4,3040.5,3750.3,73,TYR,31.623,0,31.623,24.26,7.3631,14.832,0,17.605,35.032,5.1143,2.3201,1.6599,1.4274,1.3119,4.2974,0,0.22814,0.194,0.31639,0.17853,0.65395,0,-1.3
B,6790.8,1429.4,5361.4,3040.5,3750.3,74,GLN,30.647,0,30.647,30.647,0,17.219,0,21.468,26.601,0,2.4175,1.5605,1.3068,1.1997,4.31,0,0.37453,0.212,0.5145,0.17727,0.72229,0.12647,-3.5
B,6790.8,1429.4,5361.4,3040.5,3750.3,75,SER,0.7801,0.3595,0.4206,0.3595,0.4206,0.67658,0.87983,0.56502,0.5764,0.79463,1.1101,0.87952,0.71193,0.71193,2.4899,0,0.25216,0.11847,0.17092,0.013156,0.45733,0.14504,-0.8
B,6790.8,1429.4,5361.4,3040.5,3750.3,76,TYR,138.68,22.62,116.06,46.655,92.023,65.043,67.34,64.613,67.371,63.918,0.12223,0.4054,0,0,1.4668,0,1.2323,0.26533,1.3574,0.14645,1.605,0.59082,-1.3
B,6790.8,1429.4,5361.4,3040.5,3750.3,77,SER,73.112,6.4425,66.669,36.109,37.003,63.41,15.767,89.561,57.894,69.91,0.6022,0.89561,0,0,2.2867,0,1.0672,0.44558,1.5644,0.37076,1.9352,0.48855,-0.8
B,6790.8,1429.4,5361.4,3040.5,3750.3,78,THR,71.074,16.668,54.405,43.621,27.453,52.034,48.823,53.104,77.617,34.149,0.21386,0.52386,0,0,1.497,0,0.97123,0.23201,1.1768,0.17598,1.4232,0.62811,-0.7
B,6790.8,1429.4,5361.4,3040.5,3750.3,79,MET,15.563,1.0168,14.547,0,15.563,8.3315,2.9853,9.5237,0,9.779,1.0141,0.83505,0.81299,0.81924,2.2534,0,0.30128,0.11778,0.19553,0.059436,0.46759,0.11443,1.9
B,6790.8,1429.4,5361.4,3040.5,3750.3,80,SER,9.5576,0.0236,9.534,0.8993,8.6583,8.2893,0.057758,12.808,1.4419,16.358,1.1289,1.2011,0,0,2.8662,0,0.31518,0.14264,0.44748,0.020104,0.46759,0.074214,-0.8
B,6790.8,1429.4,5361.4,3040.5,3750.3,81,ILE,0.3905,0,0.3905,0,0.3905,0.2252,0,0.27436,0,0.265,1.9242,1.1945,1.0251,1.0867,3.1174,0,0.13372,0.075902,0.14101,0.078508,0.24789,0.041988,4.5
B,6790.8,1429.4,5361.4,3040.5,3750.3,82,THR,0,0,0,0,0,0,0,0,0,0,3.3858,0.25486,3.3716,0.32288,3.8097,3.041,0.052213,0.022072,0.060134,0.022807,0.091087,0.021556,-0.7
B,6790.8,1429.4,5361.4,3040.5,3750.3,83,ASP,35.121,0.6002,34.52,20.742,14.379,24.379,1.6603,31.99,21.952,29.007,0.49046,0.87833,0,0,2.4082,0,0.28262,0.13363,0.40573,0.057904,0.48855,0.10263,-3.5
B,6790.8,1429.4,5361.4,3040.5,3750.3,84,CYS,0,0,0,0,0,0,0,0,0,0,2.2958,0.78622,3.2153,0.21087,3.4262,1.3141,0.12404,0.10958,0,0,0.30248,0,2.5
B,6790.8,1429.4,5361.4,3040.5,3750.3,85,ARG,135.46,0.0167,135.45,88.883,46.579,58.136,0.045307,69.052,60.584,53.973,0.62541,1.0705,0,0,2.944,0,1.1108,0.73465,1.5191,0.62276,2.4164,0.31068,-4.5
B,6790.8,1429.4,5361.4,3040.5,3750.3,86,GLU,45.927,13.816,32.111,33.451,12.476,26.775,38.645,23.651,33.182,17.642,0.58578,0.88425,0,0,2.4996,0,0.52464,0.14439,0.46362,0.057151,0.87746,0.39864,-3.5
B,6790.8,1429.4,5361.4,3040.5,3750.3,87,THR,51.428,11.943,39.485,5.2103,46.218,37.651,34.982,38.541,9.271,57.492,0.20966,0.51356,0,0,1.4676,0,1.0636,0.19246,1.1531,0.099552,1.2652,0.64093,-0.7
B,6790.8,1429.4,5361.4,3040.5,3750.3,88,GLY,90.125,90.125,0,41.998,48.127,111.9,111.9,0,110.75,112.9,0,0,0,0,0,0,2.4717,0.45829,0,0,2.8592,1.7065,-0.4
B,6790.8,1429.4,5361.4,3040.5,3750.3,89,SER,86.896,36.598,50.298,44.514,42.382,75.365,89.569,67.569,71.371,80.071,0,0,0,0,0,0,2.3396,0.52177,2.9075,0.43416,3.3416,1.6718,-0.8
B,6790.8,1429.4,5361.4,3040.5,3750.3,90,SER,20.918,20.909,0.0089,20.029,0.8891,18.142,51.173,0.011956,32.113,1.6798,0.65983,0.66149,0.70109,0.70109,1.4022,0,0.94153,0.26017,0.59678,0.097513,1.2408,0.49926,-0.8
B,6790.8,1429.4,5361.4,3040.5,3750.3,91,LYS,144.07,2.4098,141.66,42.065,102,73.45,6.7786,88.209,57.949,82.558,0.13832,0.39124,0,0,1.2449,0,1.8899,0.7522,2.4484,0.55667,3.253,1.0633,-3.9
B,6790.8,1429.4,5361.4,3040.5,3750.3,92,TYR,96.58,14.84,81.74,34.72,61.86,45.298,44.179,45.507,50.137,42.967,0.34097,0.59242,0.17329,0.45847,1.4652,0,1.3391,0.31101,1.3277,0.29297,1.8944,0.92961,-1.3
B,6790.8,1429.4,5361.4,3040.5,3750.3,93,PRO,85.263,11.06,74.203,11.06,74.203,63.734,33.617,73.556,52.767,65.771,0.61413,0.71427,0,0,1.557,0,1.4509,0.40261,1.8613,0.13515,1.9771,0.87746,1.6
B,6790.8,1429.4,5361.4,3040.5,3750.3,94,ASN,120.78,16.611,104.17,89.045,31.738,80.068,45.559,91.068,82.388,74.206,0.18394,0.48667,0,0,1.4715,0,1.5781,0.74534,2.2448,0.43631,2.789,0.68063,-3.5
B,6790.8,1429.4,5361.4,3040.5,3750.3,95,CYS,17.064,15.26,1.8041,15.26,1.8041,12.981,42.249,1.8923,55.695,1.7335,0.75828,0.77534,0.9092,0.9092,1.8184,0,0.31181,0.084816,0.25009,0.052399,0.478,0.19769,2.5
B,6790.8,1429.4,5361.4,3040.5,3750.3,96,ALA,32.876,0.2361,32.639,0,32.876,30.656,0.54501,51.063,0,43.223,1.0324,0.90391,0,0,2.3101,0,0.47038,0.13513,0.73665,0,0.73665,0.38012,1.8
B,6790.8,1429.4,5361.4,3040.5,3750.3,97,TYR,10.243,9.3474,0.8956,9.3474,0.8956,4.8042,27.828,0.49861,13.498,0.62207,1.4986,0.99847,1.913,0.86742,2.7967,0,0.15439,0.14445,0.061418,0.030516,0.46759,0.011638,-1.3
B,6790.8,1429.4,5361.4,3040.5,3750.3,98,LYS,125.87,6.8607,119.01,44.221,81.652,64.175,19.299,74.109,60.919,66.088,0.29903,0.5613,0,0,1.4424,0,1.1168,0.79806,1.6757,0.66137,2.7214,0.31068,-3.9
B,6790.8,1429.4,5361.4,3040.5,3750.3,99,THR,29.442,23.861,5.5814,23.861,5.5814,21.555,69.892,5.4479,42.457,6.9429,0.5891,0.68319,0.47364,0.66983,1.4631,0,0.42179,0.16662,0.28993,0.033832,0.75124,0.25541,-0.7
B,6790.8,1429.4,5361.4,3040.5,3750.3,100,THR,58.455,4.6323,53.823,12.752,45.703,42.796,13.569,52.536,22.69,56.852,0.38313,0.60921,0,0,1.4617,0,0.73071,0.34576,1.0875,0.18448,1.2408,0.31068,-0.7
B,6790.8,1429.4,5361.4,3040.5,3750.3,101,GLN,65.29,24.645,40.645,26.889,38.401,36.682,69.934,28.471,23.339,61.167,0.56695,0.83392,0.72112,0.92852,2.256,0,0.61173,0.25868,0.47715,0.14373,1.1708,0.30248,-3.5
B,6790.8,1429.4,5361.4,3040.5,3750.3,102,ALA,29.02,8.6412,20.379,0,29.02,27.061,19.947,31.883,0,38.155,0.98111,0.87062,0,0,2.2576,0,0.72415,0.17599,0.96601,0,0.96601,0.43722,1.8
B,6790.8,1429.4,5361.4,3040.5,3750.3,103,ASN,99.476,23.97,75.506,71.219,28.256,65.944,65.744,66.007,65.895,66.066,0.33698,0.58696,0,0,1.4722,0,1.0094,0.14334,1.0966,0.066908,1.1708,0.79653,-3.5
B,6790.8,1429.4,5361.4,3040.5,3750.3,104,LYS,55.193,1.0158,54.177,29.662,25.531,28.139,2.8574,33.736,40.862,20.664,0.7673,0.89772,0.30713,0.61426,2.4119,0,0.61077,0.1597,0.70335,0.13896,0.87746,0.33588,-3.9
B,6790.8,1429.4,5361.4,3040.5,3750.3,105,HIS,46.189,0,46.189,20.835,25.354,25.528,0,31.617,27.907,23.858,1.8379,1.4414,0.88108,0.97837,3.9139,0,0.68634,0.28126,0.86985,0.20662,1.1708,0.29439,-3.2
B,6790.8,1429.4,5361.4,3040.5,3750.3,106,ILE,0,0,0,0,0,0,0,0,0,0,4.4811,0.3847,4.5058,0.41852,5.1213,4.0264,0.044573,0.056892,0,0,0.15137,0,4.5
B,6790.8,1429.4,5361.4,3040.5,3750.3,107,ILE,18.995,0,18.995,0,18.995,10.954,0,13.346,0,12.89,1.9881,1.3755,0.77512,0.77514,3.8768,0,0.17682,0.1351,0.28105,0.11645,0.45733,0.026589,4.5
B,6790.8,1429.4,5361.4,3040.5,3750.3,108,VAL,0,0,0,0,0,0,0,0,0,0,4.2663,0.61046,4.8346,0.21213,5.0462,3.4829,0.0071509,0.010806,0.0078225,0.0097426,0.026589,0,4.2
B,6790.8,1429.4,5361.4,3040.5,3750.3,109,ALA,10.844,0,10.844,0,10.844,10.112,0,16.965,0,14.257,1.9274,1.1038,0,0,3.1686,0,0.10519,0.05384,0.19769,0,0.19769,0.036804,1.8
B,6790.8,1429.4,5361.4,3040.5,3750.3,110,CYS,0,0,0,0,0,0,0,0,0,0,3.3818,0.50403,3.2991,0.25825,4.3979,2.8459,0.27896,0.15138,0.15564,0.070232,0.53233,0.085404,2.5
B,6790.8,1429.4,5361.4,3040.5,3750.3,111,GLU,87.198,2.9422,84.256,41.284,45.914,50.835,8.2299,62.058,40.952,64.924,0.44075,0.85354,0,0,2.4511,0,0.97525,0.2283,1.1274,0.10329,1.2408,0.48855,-3.5
B,6790.8,1429.4,5361.4,3040.5,3750.3,112,GLY,48.489,48.489,0,10.14,38.349,60.205,60.205,0,26.741,89.958,0,0,0,0,0,0,1.6839,0.22821,0,0,1.9352,1.3155,-0.4
B,6790.8,1429.4,5361.4,3040.5,3750.3,113,ASN,148.28,37.034,111.25,110.38,37.906,98.298,101.58,97.254,102.12,88.629,0.18427,0.48754,0,0,1.4742,0,3.7469,0.90756,4.4276,0.69523,5.5124,2.4164,-3.5
B,6790.8,1429.4,5361.4,3040.5,3750.3,114,PRO,104.19,6.2824,97.912,2.8887,101.31,77.885,19.095,97.058,13.782,89.794,0.36468,0.57702,0,0,1.317,0,2.2981,0.67377,2.7611,0.49529,3.434,1.3155,1.6
B,6790.8,1429.4,5361.4,3040.5,3750.3,115,TYR,83.503,12.93,70.573,22.27,61.234,39.165,38.495,39.29,32.159,42.532,0.22655,0.50856,0,0,1.4689,0,0.71757,0.18809,0.67382,0.12913,1.1937,0.46759,-1.3
B,6790.8,1429.4,5361.4,3040.5,3750.3,116,VAL,18.897,0,18.897,0,18.897,12.654,0,16.013,0,15.31,1.3687,1.2754,0,0,3.2851,0,0.35149,0.11397,0.44513,0.08133,0.54369,0.19084,4.2
B,6790.8,1429.4,5361.4,3040.5,3750.3,117,PRO,3.5066,1.182,2.3246,1.182,2.3246,2.6212,3.5927,2.3043,5.6393,2.0605,0.94798,0.88914,0.50266,0.71087,2.421,0,0.07588,0.046007,0.064088,0.060402,0.14504,0,1.6
B,6790.8,1429.4,5361.4,3040.5,3750.3,118,VAL,39.366,15.856,23.51,15.856,23.51,26.36,50.61,19.922,61.197,19.047,0.72195,0.8784,0,0,2.2613,0,0.37834,0.10948,0.44073,0.016823,0.46759,0.1326,4.2
B,6790.8,1429.4,5361.4,3040.5,3750.3,119,HIS,112.13,2.0548,110.08,47.808,64.325,61.976,5.8978,75.35,64.035,60.53,0.50809,0.81171,0,0,2.3012,0,0.53871,0.29652,0.72124,0.24495,1.0233,0.17739,-3.2
B,6790.8,1429.4,5361.4,3040.5,3750.3,120,PHE,28.196,13.75,14.446,13.75,14.446,14.033,40.838,8.6367,51.364,8.2946,0.94259,0.9376,1.0918,1.0255,2.4453,0,0.22383,0.12258,0.16298,0.088774,0.46759,0.026589,2.8
B,6790.8,1429.4,5361.4,3040.5,3750.3,121,ASP,24.183,13.939,10.244,22.215,1.9685,16.787,38.559,9.4934,23.51,3.9712,0.52946,0.68665,0.37445,0.64857,1.4978,0,0.52632,0.15434,0.47169,0.095998,0.84423,0.31068,-3.5
B,6790.8,1429.4,5361.4,3040.5,3750.3,122,ALA,21.195,5.788,15.407,0,21.195,19.764,13.361,24.103,0,27.866,1.0051,0.88776,0,0,2.2896,0,0.48627,0.16078,0.76608,0,0.76608,0.27072,1.8
B,6790.8,1429.4,5361.4,3040.5,3750.3,123,SER,26.399,20.077,6.3214,26.189,0.21,22.895,49.136,8.4919,41.989,0.39675,0.45189,0.64242,0,0,1.4691,0,0.58462,0.28561,0.3626,0.026718,1.1708,0.33588,-0.8
B,6790.8,1429.4,5361.4,3040.5,3750.3,124,VAL,106.71,33.53,73.177,27.646,79.061,71.452,107.02,62.009,106.7,64.053,0.42126,0.66635,0.50346,0.71199,1.5104,0,1.2331,0.28001,1.3298,0.18435,1.6379,0.75124,4.2
