"X1","res name|_x","total ASA|_x","b-bone ASA|_x","s-chain ASA|_x","polar ASA|_x","n-polar ASA|_x","total RASA|_x","b-bone RASA|_x","s-chain RASA|_x","polar RASA|_x","n-polar RASA|_x","average DPX|_x","s_avg DPX|_x","s-ch avg DPX|_x","s-ch s_avg DPX|_x","max DPX|_x","min DPX|_x","average CX|_x","s_avg CX|_x","s-ch avg CX|_x","s-ch s_avg CX|_x","max CX|_x","min CX|_x","Hydrophobicity|_x","VDWC1_x","VDWC2_x","VDWC3_x","Polar_x","Neutral_x","Hydrophobic_x","Polarityc1_x","Polarityc2_x","Polarityc3_x","Helix_x","Strand_x","Coil_x","Buried_x","Exposed_x","Intermidiate_x","Positive_x","Neutral.1_x","Negative_x","Polarizabillityc1_x","Polarizabillityc2_x","Polarizabillityc3_x","A_x","R_x","N_x","D_x","C_x","Q_x","E_x","G_x","H_x","I_x","L_x","K_x","M_x","F_x","P_x","S_x","T_x","W_x","Y_x","V_x","A.1_x","R.1_x","N.1_x","D.1_x","C.1_x","Q.1_x","E.1_x","G.1_x","H.1_x","I.1_x","L.1_x","K.1_x","M.1_x","F.1_x","P.1_x","S.1_x","T.1_x","W.1_x","Y.1_x","V.1_x","res name|_y","total ASA|_y","b-bone ASA|_y","s-chain ASA|_y","polar ASA|_y","n-polar ASA|_y","total RASA|_y","b-bone RASA|_y","s-chain RASA|_y","polar RASA|_y","n-polar RASA|_y","average DPX|_y","s_avg DPX|_y","s-ch avg DPX|_y","s-ch s_avg DPX|_y","max DPX|_y","min DPX|_y","average CX|_y","s_avg CX|_y","s-ch avg CX|_y","s-ch s_avg CX|_y","max CX|_y","min CX|_y","Hydrophobicity|_y","VDWC1_y","VDWC2_y","VDWC3_y","Polar_y","Neutral_y","Hydrophobic_y","Polarityc1_y","Polarityc2_y","Polarityc3_y","Helix_y","Strand_y","Coil_y","Buried_y","Exposed_y","Intermidiate_y","Positive_y","Neutral.1_y","Negative_y","Polarizabillityc1_y","Polarizabillityc2_y","Polarizabillityc3_y","A_y","R_y","N_y","D_y","C_y","Q_y","E_y","G_y","H_y","I_y","L_y","K_y","M_y","F_y","P_y","S_y","T_y","W_y","Y_y","V_y","A.1_y","R.1_y","N.1_y","D.1_y","C.1_y","Q.1_y","E.1_y","G.1_y","H.1_y","I.1_y","L.1_y","K.1_y","M.1_y","F.1_y","P.1_y","S.1_y","T.1_y","W.1_y","Y.1_y","V.1_y","prediction"
67,262144,2.4609,0,2.4609,0,2.4609,1.8017,0,2.402,0,3.0612,1.522,1.0644,0.47959,0.67825,2.762,0,0.29353,0.042282,0.31677,0.02762,0.35323,0.20461,-0.7,1,0,0,0,1,0,0,0,0,0,1,0,0,0,1,0,1,0,1,0,0,5,-3,-3,-3,-1,-2,0,0,-3,-4,-4,-1,-3,-5,-1,3,1,-5,-4,-2,49,0,0,0,1,1,6,4,0,0,0,2,0,0,2,25,8,0,0,2,281474976710656,10.991,0,10.991,0,10.991,7.3595,0,9.3134,0,8.9044,1.7476,0.82345,1.3403,1.0236,2.484,0,0.29962,0.092428,0.35478,0.099976,0.478,0.16423,4.2,0,1,0,0,0,1,1,0,0,0,1,0,1,0,0,0,1,0,0,1,0,-3,-5,-6,-6,-3,-5,-5,-6,-6,6,0,-5,-1,0,-5,-4,-2,-5,-3,5,0,0,0,0,0,0,0,0,0,47,3,0,1,3,0,0,0,0,0,46,1
37,134217728,6.3019,3.9856,2.3163,4.3744,1.9275,4.1776,10.931,2.0249,4.0474,4.5067,0.91827,0.96426,0.89388,0.9497,2.2537,0,0.25262,0.070728,0.26057,0.041973,0.39864,0.17077,-3.5,0,1,0,1,0,0,0,1,0,0,0,1,0,1,0,0,1,0,0,1,0,-6,-5,9,-1,-7,-4,-4,-5,-1,-7,-8,-4,-6,-7,-6,-3,-3,-8,-6,-7,0,0,96,1,0,0,0,0,1,0,0,0,0,0,0,1,1,0,0,0,1,0.1151,0.0629,0.0522,0,0.1151,0.086037,0.19119,0.051745,0,0.10202,1.1778,0.81505,0.99277,0.702,2.4188,0,0,0,0,0,0,0,1.6,1,0,0,0,1,0,0,1,0,0,0,1,0,0,1,0,1,0,0,1,0,-3,-6,-6,-5,-6,-5,-5,-6,-6,-6,-6,-4,-6,-7,9,-4,-5,-7,-7,-6,2,0,0,0,0,0,0,0,0,0,0,0,0,0,98,1,0,0,0,0,0
53,8,177.02,32.739,144.28,19.483,157.54,88.101,97.234,86.262,72.777,90.456,0,0,0,0,0,0,2.0026,1.1447,2.6506,0.94614,4.0829,0.76608,2.8,0,0,1,0,0,1,1,0,0,0,1,0,1,0,0,0,1,0,0,0,1,-2,-2,-3,-4,-3,-2,-3,-3,1,-1,-1,-2,-1,5,-3,-2,-2,2,7,-1,0,0,0,0,0,0,0,0,0,0,0,0,0,27,0,0,0,0,73,0,2097152,10.77,5.0211,5.7486,9.765,1.0047,9.3406,12.289,7.7225,15.657,1.8982,0.64841,0.95175,0,0,2.3867,0,0.01513,0.019394,0.0033757,0.0033757,0.047224,0,-0.8,1,0,0,0,1,0,0,0,0,0,0,1,0,0,1,0,1,0,1,0,0,1,-3,-2,-3,-3,-3,-3,-3,-4,-1,-4,-2,-3,-5,-1,5,5,-5,-4,-3,9,0,0,0,0,0,0,0,0,3,0,1,0,0,2,47,38,0,0,0,1
57,4398046511104,117.16,16.97,100.19,49.637,67.521,59.732,47.735,62.388,68.381,54.651,0.13738,0.38856,0,0,1.2364,0,0.78353,0.25808,0.96215,0.20453,1.217,0.43722,-3.9,0,0,1,1,0,0,0,0,1,1,0,0,0,1,0,1,0,0,0,0,1,-2,3,-2,-2,-4,3,1,-2,-2,-4,-4,4,-3,-5,-3,2,-1,-4,-3,-4,0,14,0,0,0,17,9,2,0,1,0,35,0,0,0,22,1,0,0,0,8589934592,94.959,36.569,58.39,58.163,36.796,55.36,102.29,43.007,57.696,52.03,0.16191,0.45795,0,0,1.4572,0,1.1093,0.34235,0.85771,0.153,1.8162,0.59082,-3.5,0,1,0,1,0,0,0,1,0,1,0,0,0,1,0,0,0,1,0,1,0,-1,-1,4,2,-4,0,5,-3,-1,-4,-3,-2,-3,1,-3,-1,-2,-4,0,-4,4,2,25,8,0,2,40,0,0,0,1,0,0,6,0,4,1,0,4,0,1
41,1e+19,0,0,0,0,0,0,0,0,0,0,3.7087,0.63138,4.2568,0,4.332,2.5942,0.060635,0.025934,0.031671,0,0.10263,0.031671,1.8,1,0,0,0,1,0,0,0,0,1,0,0,1,0,0,0,1,0,1,0,0,5,-3,-3,-4,-2,-3,-2,2,-4,-4,-4,-3,-4,-5,-4,3,1,-5,-3,-2,51,1,1,0,1,0,2,13,0,0,1,0,0,0,0,20,8,0,1,2,2097152,60.908,36.56,24.348,31.662,29.245,52.825,89.476,32.708,50.765,55.253,0.24303,0.54344,0,0,1.4582,0,0.86365,0.1751,0.84042,0.089184,1.1484,0.57877,-0.8,1,0,0,0,1,0,0,0,0,0,0,1,0,0,1,0,1,0,1,0,0,2,0,-1,-1,-3,-1,3,-1,-1,-3,-3,2,-2,-4,-3,3,0,-4,-3,-1,17,2,1,2,0,0,19,2,1,0,1,17,0,0,0,25,5,0,0,5,0
27,2251799813685248,0.1764,0,0.1764,0,0.1764,0.10173,0,0.12394,0,0.11971,2.0709,0.97358,1.3889,0.89846,3.3043,0,0.14639,0.090472,0.088854,0.066254,0.30248,0,4.5,0,1,0,0,0,1,1,0,0,0,1,0,1,0,0,0,1,0,0,1,0,-3,-5,-6,-6,-3,-4,-5,-6,-5,4,5,-5,4,-2,-5,-5,-3,-4,-3,2,0,0,0,0,0,0,0,0,0,22,57,0,9,0,0,0,0,0,0,11,18014398509481984,61.537,6.2652,55.271,5.1344,56.402,34.596,19.171,38.068,18.496,37.576,0.18379,0.48626,0,0,1.4703,0,0.64456,0.18634,0.56145,0.14895,0.94764,0.33588,3.8,0,1,0,0,0,1,1,0,0,1,0,0,1,0,0,0,1,0,0,1,0,-1,-1,-3,-3,-3,1,-1,-2,-3,0,4,-1,4,-2,0,-2,-2,3,-2,-1,4,3,0,0,0,6,3,3,0,1,45,4,14,0,6,3,1,4,0,2,0
85,262144,65.764,0.1924,65.571,23.656,42.107,48.147,0.56356,64.003,42.093,52.379,0.71612,0.87212,0,0,2.2426,0,0.70313,0.25059,0.8165,0.24191,1.1484,0.37104,-0.7,1,0,0,0,1,0,0,0,0,0,1,0,0,0,1,0,1,0,1,0,0,-2,1,-1,0,-4,1,2,2,-2,-4,-4,3,-3,-4,-2,1,1,-4,-4,-4,1,8,1,5,0,6,14,15,0,0,1,25,0,0,2,11,10,0,0,0,2097152,74.309,8.176,66.133,37.293,37.016,64.449,20.01,88.841,59.794,69.934,0.59215,0.87776,0,0,2.232,0,1.4004,0.64237,2.2437,0.34933,2.5931,0.75124,-0.8,1,0,0,0,1,0,0,0,0,0,0,1,0,0,1,0,1,0,1,0,0,1,0,-2,-2,-3,0,0,-2,-1,-2,-3,2,-2,-4,2,3,1,-4,-2,-2,12,3,0,0,0,4,4,1,1,3,0,16,0,0,8,34,9,0,1,3,1
7,68719476736,103.5,2.7379,100.76,74.912,28.585,71.842,7.5737,93.373,79.28,57.665,0.15481,0.40958,0,0,1.2384,0,1.546,0.56431,2.0686,0.28341,2.4733,0.9119,-3.5,1,0,0,1,0,0,0,0,0,0,0,1,0,1,0,0,0,1,1,0,0,0,-2,0,3,-5,3,3,-4,-1,-4,-3,0,-4,-5,4,-1,-1,-5,-4,-3,9,0,4,20,0,12,18,0,1,0,2,5,0,0,20,4,2,0,0,2,18014398509481984,0,0,0,0,0,0,0,0,0,0,4.3933,0.65775,4.9581,0.31481,5.4836,3.2797,0.028734,0.051177,0,0,0.13878,0,3.8,0,1,0,0,0,1,1,0,0,1,0,0,1,0,0,0,1,0,0,1,0,-3,-5,-6,-6,-3,-4,-5,-6,-5,1,5,-5,1,0,-5,-5,-3,-4,-3,3,0,0,0,0,0,0,0,0,0,3,71,0,2,3,0,0,0,0,0,20,0
21,2251799813685248,6.9369,0,6.9369,0,6.9369,4.0005,0,4.8738,0,4.7075,1.7772,1.2079,1.0107,1.0687,3.2459,0,0.054584,0.032727,0.052486,0.044248,0.12042,0,4.5,0,1,0,0,0,1,1,0,0,0,1,0,1,0,0,0,1,0,0,1,0,-2,-5,-6,-6,-4,-3,-5,-6,-6,6,1,-5,3,0,-5,-5,-2,-5,-4,4,2,0,0,0,0,1,0,0,0,44,11,0,6,3,0,0,2,0,0,32,35184372088832,1.3167,1.3167,0,0,1.3167,1.6348,1.6348,0,0,3.0887,1.2696,0.81845,0,0,2.2831,0,0,0,0,0,0,0,-0.4,1,0,0,0,1,0,0,0,0,0,0,1,1,0,0,0,1,0,1,0,0,-3,-6,-3,-4,-6,-5,-5,8,-5,-7,-7,-5,-6,-6,-5,-3,-5,-6,-6,-6,0,0,0,0,0,0,0,100,0,0,0,0,0,0,0,0,0,0,0,0,0
60,2251799813685248,0.1764,0,0.1764,0,0.1764,0.10173,0,0.12394,0,0.11971,2.0709,0.97358,1.3889,0.89846,3.3043,0,0.14639,0.090472,0.088854,0.066254,0.30248,0,4.5,0,1,0,0,0,1,1,0,0,0,1,0,1,0,0,0,1,0,0,1,0,-3,-5,-6,-6,-3,-4,-5,-6,-5,4,5,-5,4,-2,-5,-5,-3,-4,-3,2,0,0,0,0,0,0,0,0,0,22,57,0,9,0,0,0,0,0,0,11,35184372088832,40.504,40.504,0,16.172,24.332,50.291,50.291,0,42.649,57.076,0,0,0,0,0,0,0.67814,0.13804,0,0,0.89452,0.51013,-0.4,1,0,0,0,1,0,0,0,0,0,0,1,1,0,0,0,1,0,1,0,0,-3,-4,2,-2,-5,-2,-3,7,-2,-6,-6,-2,-5,-6,-5,-3,-4,-5,-5,-6,0,0,9,2,0,1,1,84,1,0,0,2,0,0,0,0,0,0,0,0,1
48,8,177.02,32.739,144.28,19.483,157.54,88.101,97.234,86.262,72.777,90.456,0,0,0,0,0,0,2.0026,1.1447,2.6506,0.94614,4.0829,0.76608,2.8,0,0,1,0,0,1,1,0,0,0,1,0,1,0,0,0,1,0,0,0,1,-2,-2,-3,-4,-3,-2,-3,-3,1,-1,-1,-2,-1,5,-3,-2,-2,2,7,-1,0,0,0,0,0,0,0,0,0,0,0,0,0,27,0,0,0,0,73,0,134217728,51.035,9.3462,41.689,42.97,8.0651,33.831,25.634,36.444,39.757,18.857,0,0,0,0,0,0,0.76769,0.26097,0.9302,0.22401,1.217,0.38012,-3.5,0,1,0,1,0,0,0,1,0,0,0,1,0,1,0,0,1,0,0,1,0,-2,-3,2,5,-1,-2,-1,2,-3,-4,-4,-2,-4,-1,1,1,2,-5,-3,-4,1,0,8,36,2,0,1,15,0,0,0,2,0,3,6,13,13,0,0,0,1
35,8,177.02,32.739,144.28,19.483,157.54,88.101,97.234,86.262,72.777,90.456,0,0,0,0,0,0,2.0026,1.1447,2.6506,0.94614,4.0829,0.76608,2.8,0,0,1,0,0,1,1,0,0,0,1,0,1,0,0,0,1,0,0,0,1,-2,-2,-3,-4,-3,-2,-3,-3,1,-1,-1,-2,-1,5,-3,-2,-2,2,7,-1,0,0,0,0,0,0,0,0,0,0,0,0,0,27,0,0,0,0,73,0,2097152,20.804,0.109,20.695,17.324,3.4798,18.043,0.26676,27.801,27.777,6.5743,1.1194,1.1919,0,0,2.8237,0,0.096866,0.10846,0.24551,0.040897,0.2864,0,-0.8,1,0,0,0,1,0,0,0,0,0,0,1,0,0,1,0,1,0,1,0,0,-2,-4,-2,-3,-4,-3,-3,-3,-4,-6,-6,-3,-5,-6,-3,7,-2,-6,-5,-5,0,0,1,0,0,0,0,0,0,0,0,0,0,0,0,98,0,0,0,0,0
86,262144,65.764,0.1924,65.571,23.656,42.107,48.147,0.56356,64.003,42.093,52.379,0.71612,0.87212,0,0,2.2426,0,0.70313,0.25059,0.8165,0.24191,1.1484,0.37104,-0.7,1,0,0,0,1,0,0,0,0,0,1,0,0,0,1,0,1,0,1,0,0,-2,1,-1,0,-4,1,2,2,-2,-4,-4,3,-3,-4,-2,1,1,-4,-4,-4,1,8,1,5,0,6,14,15,0,0,1,25,0,0,2,11,10,0,0,0,35184372088832,91.415,91.415,0,45.49,45.925,113.5,113.5,0,119.96,107.73,0,0,0,0,0,0,1.7745,0.20006,0,0,2.0647,1.5108,-0.4,1,0,0,0,1,0,0,0,0,0,0,1,1,0,0,0,1,0,1,0,0,-1,0,0,1,-4,1,1,4,0,-3,-2,-1,-1,-1,-1,0,-1,3,-3,-3,4,7,3,6,0,7,13,34,2,1,3,1,2,3,2,5,2,5,0,1,1
25,2251799813685248,6.9369,0,6.9369,0,6.9369,4.0005,0,4.8738,0,4.7075,1.7772,1.2079,1.0107,1.0687,3.2459,0,0.054584,0.032727,0.052486,0.044248,0.12042,0,4.5,0,1,0,0,0,1,1,0,0,0,1,0,1,0,0,0,1,0,0,1,0,-2,-5,-6,-6,-4,-3,-5,-6,-6,6,1,-5,3,0,-5,-5,-2,-5,-4,4,2,0,0,0,0,1,0,0,0,44,11,0,6,3,0,0,2,0,0,32,32768,17.21,17.016,0.1945,16.301,0.9092,13.092,47.109,0.20401,59.493,0.87364,0.54156,0.77155,0.8932,0.8932,1.7864,0,0.60738,0.30545,0.25663,0.079247,1.084,0.17739,2.5,0,0,0,0,0,1,1,0,0,0,1,0,1,0,0,0,1,0,0,1,0,1,-7,-6,-7,11,-6,-7,-5,-6,-1,-4,-6,-4,-6,-6,-4,-4,-6,-6,-2,11,0,0,0,83,0,0,0,0,4,0,0,0,0,0,0,0,0,0,1,0
12,262144,65.764,0.1924,65.571,23.656,42.107,48.147,0.56356,64.003,42.093,52.379,0.71612,0.87212,0,0,2.2426,0,0.70313,0.25059,0.8165,0.24191,1.1484,0.37104,-0.7,1,0,0,0,1,0,0,0,0,0,1,0,0,0,1,0,1,0,1,0,0,-2,1,-1,0,-4,1,2,2,-2,-4,-4,3,-3,-4,-2,1,1,-4,-4,-4,1,8,1,5,0,6,14,15,0,0,1,25,0,0,2,11,10,0,0,0,68719476736,14.522,1.6931,12.829,12.811,1.7108,10.08,4.6835,11.888,13.558,3.4513,1.0326,1.171,0.30996,0.53687,3.1922,0,0.21569,0.13767,0.33199,0.098164,0.49926,0.052513,-3.5,1,0,0,1,0,0,0,0,0,0,0,1,0,1,0,0,0,1,1,0,0,-4,-3,3,-1,-6,-3,-3,-5,10,-5,-4,-4,-4,0,-5,-1,-4,-5,1,-5,0,0,13,4,0,0,0,0,68,0,1,0,0,4,0,3,1,0,4,0,0
66,2251799813685248,0.1764,0,0.1764,0,0.1764,0.10173,0,0.12394,0,0.11971,2.0709,0.97358,1.3889,0.89846,3.3043,0,0.14639,0.090472,0.088854,0.066254,0.30248,0,4.5,0,1,0,0,0,1,1,0,0,0,1,0,1,0,0,0,1,0,0,1,0,-3,-5,-6,-6,-3,-4,-5,-6,-5,4,5,-5,4,-2,-5,-5,-3,-4,-3,2,0,0,0,0,0,0,0,0,0,22,57,0,9,0,0,0,0,0,0,11,32768,12.806,9.1118,3.6942,1.1589,11.647,9.7414,25.226,3.8748,4.2296,11.192,0.25387,0.56767,0.76161,0.76161,1.5232,0,0.17095,0.06278,0.2009,0.062116,0.26302,0.057855,2.5,0,0,0,0,0,1,1,0,0,0,1,0,1,0,0,0,1,0,0,1,0,-4,-7,-7,-7,12,-7,-8,-6,-7,-5,-5,-7,-5,-6,-7,-5,-5,-6,-6,-5,0,0,0,0,100,0,0,0,0,0,0,0,0,0,0,0,0,0,0,0,1
13,8,0.0833,0,0.0833,0,0.0833,0.041457,0,0.049803,0,0.04783,2.5342,1.1576,2.6203,1.3859,4.2311,0,0.0070315,0.013817,0.0016626,0.0040726,0.047224,0,2.8,0,0,1,0,0,1,1,0,0,0,1,0,1,0,0,0,1,0,0,0,1,0,-5,-6,-6,-2,-5,-5,-6,-5,3,2,-5,-2,6,-5,-4,-4,-3,-1,3,8,0,0,0,0,0,0,0,0,16,18,0,0,37,0,0,0,0,0,21,512,1.0907,0,1.0907,0.9083,0.1824,0.51156,0,0.60723,1.3116,0.12669,1.7956,1.1967,1.4203,1.3037,3.7894,0,0.00015926,0.00052822,0,0,0.0019112,0,-1.3,0,0,1,0,1,0,1,0,0,0,1,0,0,0,1,0,1,0,0,0,1,-4,-5,-6,-7,-6,-5,-6,-7,-2,-5,-5,-5,-4,1,-7,-4,-5,-1,10,-5,1,0,0,0,0,0,0,0,0,0,0,0,0,2,0,1,0,0,96,0,0
52,8,177.02,32.739,144.28,19.483,157.54,88.101,97.234,86.262,72.777,90.456,0,0,0,0,0,0,2.0026,1.1447,2.6506,0.94614,4.0829,0.76608,2.8,0,0,1,0,0,1,1,0,0,0,1,0,1,0,0,0,1,0,0,0,1,-2,-2,-3,-4,-3,-2,-3,-3,1,-1,-1,-2,-1,5,-3,-2,-2,2,7,-1,0,0,0,0,0,0,0,0,0,0,0,0,0,27,0,0,0,0,73,0,35184372088832,91.415,91.415,0,45.49,45.925,113.5,113.5,0,119.96,107.73,0,0,0,0,0,0,1.7745,0.20006,0,0,2.0647,1.5108,-0.4,1,0,0,0,1,0,0,0,0,0,0,1,1,0,0,0,1,0,1,0,0,-1,0,0,1,-4,1,1,4,0,-3,-2,-1,-1,-1,-1,0,-1,3,-3,-3,4,7,3,6,0,7,13,34,2,1,3,1,2,3,2,5,2,5,0,1,1
54,8,177.02,32.739,144.28,19.483,157.54,88.101,97.234,86.262,72.777,90.456,0,0,0,0,0,0,2.0026,1.1447,2.6506,0.94614,4.0829,0.76608,2.8,0,0,1,0,0,1,1,0,0,0,1,0,1,0,0,0,1,0,0,0,1,-2,-2,-3,-4,-3,-2,-3,-3,1,-1,-1,-2,-1,5,-3,-2,-2,2,7,-1,0,0,0,0,0,0,0,0,0,0,0,0,0,27,0,0,0,0,73,0,32768,12.806,9.1118,3.6942,1.1589,11.647,9.7414,25.226,3.8748,4.2296,11.192,0.25387,0.56767,0.76161,0.76161,1.5232,0,0.17095,0.06278,0.2009,0.062116,0.26302,0.057855,2.5,0,0,0,0,0,1,1,0,0,0,1,0,1,0,0,0,1,0,0,1,0,-4,-7,-7,-7,12,-7,-8,-6,-7,-5,-5,-7,-5,-6,-7,-5,-5,-6,-6,-5,0,0,0,0,100,0,0,0,0,0,0,0,0,0,0,0,0,0,0,0,1
80,134217728,73.623,22.199,51.424,38.319,35.304,48.805,60.886,44.955,35.455,82.543,0,0,0,0,0,0,0.89273,0.21073,0.78979,0.18537,1.2901,0.52115,-3.5,0,1,0,1,0,0,0,1,0,0,0,1,0,1,0,0,1,0,0,1,0,1,-2,4,-2,-4,-1,0,-1,-2,-4,-5,0,-4,-5,5,0,0,-5,-4,-2,12,1,19,1,0,1,4,5,0,1,0,7,0,0,35,5,6,0,0,2,281474976710656,10.991,0,10.991,0,10.991,7.3595,0,9.3134,0,8.9044,1.7476,0.82345,1.3403,1.0236,2.484,0,0.29962,0.092428,0.35478,0.099976,0.478,0.16423,4.2,0,1,0,0,0,1,1,0,0,0,1,0,1,0,0,0,1,0,0,1,0,-3,-5,-6,-6,-3,-5,-5,-6,-6,6,0,-5,-1,0,-5,-4,-2,-5,-3,5,0,0,0,0,0,0,0,0,0,47,3,0,1,3,0,0,0,0,0,46,1
15,134217728,48.425,19.518,28.907,35.758,12.667,32.101,53.534,25.27,33.085,29.617,0.18017,0.47669,0,0,1.4414,0,0.37535,0.10482,0.446,0.095817,0.57877,0.2187,-3.5,0,1,0,1,0,0,0,1,0,0,0,1,0,1,0,0,1,0,0,1,0,-2,1,1,-1,-2,1,0,4,5,-5,-5,1,-1,-4,-4,0,-3,-4,1,-5,1,7,5,3,1,6,5,32,17,0,0,8,2,0,0,7,0,0,5,0,134217728,24.192,0.0077,24.184,24.013,0.1789,16.037,0.021119,21.142,22.218,0.41828,1.0991,0.93356,0.89645,0.95034,2.4327,0,0.68861,0.30777,0.97668,0.14395,1.1708,0.35323,-3.5,0,1,0,1,0,0,0,1,0,0,0,1,0,1,0,0,1,0,0,1,0,-2,0,6,3,-4,-1,-2,-3,1,-5,-5,0,-4,-5,-3,3,0,-5,-4,-4,1,5,40,15,0,1,0,0,3,0,0,5,0,0,0,25,4,0,0,0,0
81,2097152,86.413,15.024,71.389,40.344,46.07,74.946,36.769,95.902,64.684,87.039,0.20585,0.46029,0,0,1.2351,0,1.4391,0.43946,2.0072,0.30072,2.3079,1.1265,-0.8,1,0,0,0,1,0,0,0,0,0,0,1,0,0,1,0,1,0,1,0,0,0,0,2,3,-2,-1,0,2,2,-4,-3,-1,-2,-4,-3,0,2,-5,-3,-2,6,6,11,20,1,2,4,18,5,0,1,3,1,0,0,7,14,0,0,2,35184372088832,91.415,91.415,0,45.49,45.925,113.5,113.5,0,119.96,107.73,0,0,0,0,0,0,1.7745,0.20006,0,0,2.0647,1.5108,-0.4,1,0,0,0,1,0,0,0,0,0,0,1,1,0,0,0,1,0,1,0,0,-1,0,0,1,-4,1,1,4,0,-3,-2,-1,-1,-1,-1,0,-1,3,-3,-3,4,7,3,6,0,7,13,34,2,1,3,1,2,3,2,5,2,5,0,1,1
75,1e+19,11.751,5.1461,6.605,4.0325,7.7186,10.958,11.879,10.333,12.937,10.148,0.7537,0.95147,0,0,2.2489,0,0.42493,0.18263,0.2187,0,0.68063,0.2187,1.8,1,0,0,0,1,0,0,0,0,1,0,0,1,0,0,0,1,0,1,0,0,3,-1,-1,-2,1,-2,-2,-1,-3,0,-1,0,-2,-2,-3,2,0,-4,-3,1,34,3,3,1,3,0,1,4,0,6,5,5,0,1,0,17,4,0,0,13,2097152,74.309,8.176,66.133,37.293,37.016,64.449,20.01,88.841,59.794,69.934,0.59215,0.87776,0,0,2.232,0,1.4004,0.64237,2.2437,0.34933,2.5931,0.75124,-0.8,1,0,0,0,1,0,0,0,0,0,0,1,0,0,1,0,1,0,1,0,0,1,0,-2,-2,-3,0,0,-2,-1,-2,-3,2,-2,-4,2,3,1,-4,-2,-2,12,3,0,0,0,4,4,1,1,3,0,16,0,0,8,34,9,0,1,3,1
49,8,177.02,32.739,144.28,19.483,157.54,88.101,97.234,86.262,72.777,90.456,0,0,0,0,0,0,2.0026,1.1447,2.6506,0.94614,4.0829,0.76608,2.8,0,0,1,0,0,1,1,0,0,0,1,0,1,0,0,0,1,0,0,0,1,-2,-2,-3,-4,-3,-2,-3,-3,1,-1,-1,-2,-1,5,-3,-2,-2,2,7,-1,0,0,0,0,0,0,0,0,0,0,0,0,0,27,0,0,0,0,73,0,32768,65.253,23.347,41.907,22.837,42.417,49.637,64.636,43.955,83.345,40.758,0.24355,0.5446,0,0,1.4613,0,0.885,0.14212,0.83699,0.040462,1.105,0.73665,2.5,0,0,0,0,0,1,1,0,0,0,1,0,1,0,0,0,1,0,0,1,0,-3,-3,-2,2,7,-3,3,-3,-4,-5,-4,-3,-5,-6,6,-2,-3,-6,-5,-3,0,1,2,13,26,0,18,1,0,0,1,0,0,0,37,1,0,0,0,1,1
22,2097152,86.413,15.024,71.389,40.344,46.07,74.946,36.769,95.902,64.684,87.039,0.20585,0.46029,0,0,1.2351,0,1.4391,0.43946,2.0072,0.30072,2.3079,1.1265,-0.8,1,0,0,0,1,0,0,0,0,0,0,1,0,0,1,0,1,0,1,0,0,0,0,2,3,-2,-1,0,2,2,-4,-3,-1,-2,-4,-3,0,2,-5,-3,-2,6,6,11,20,1,2,4,18,5,0,1,3,1,0,0,7,14,0,0,2,2251799813685248,0,0,0,0,0,0,0,0,0,0,4.5045,0.67772,3.9478,0.32753,5.6325,3.4754,0.018266,0.029466,0.0033757,0.0033757,0.085404,0,4.5,0,1,0,0,0,1,1,0,0,0,1,0,1,0,0,0,1,0,0,1,0,-3,-5,-5,-6,-3,-5,-5,-6,-5,6,4,-5,1,-2,-5,-3,-3,-4,-3,1,0,0,0,0,0,0,0,0,0,54,35,0,3,0,0,2,0,0,0,5,0
5,2097152,0.1154,0,0.1154,0.1154,0,0.10009,0,0.15502,0.18502,0,2.1478,1.1204,0.71195,0.71195,3.1655,0,0.006355,0.0091017,0.019065,0.0024916,0.021556,0,-0.8,1,0,0,0,1,0,0,0,0,0,0,1,0,0,1,0,1,0,1,0,0,-2,-5,-3,-4,0,-4,-4,-4,-5,-6,-6,-4,-5,-6,-5,7,-2,-7,-6,-6,2,0,0,0,2,0,0,0,0,0,0,0,0,0,0,96,1,0,0,0,2097152,63.891,15.635,48.256,36.461,27.43,55.412,38.264,64.825,58.458,51.823,0.21786,0.48714,0,0,1.3071,0,1.0626,0.31242,1.4101,0.26167,1.6718,0.72229,-0.8,1,0,0,0,1,0,0,0,0,0,0,1,0,0,1,0,1,0,1,0,0,-2,0,4,2,0,0,-1,1,-2,-4,-3,2,-3,-4,-3,2,0,-5,-4,-4,0,3,27,11,2,4,2,13,0,0,3,13,0,0,0,18,4,0,0,0,0
16,2251799813685248,6.9369,0,6.9369,0,6.9369,4.0005,0,4.8738,0,4.7075,1.7772,1.2079,1.0107,1.0687,3.2459,0,0.054584,0.032727,0.052486,0.044248,0.12042,0,4.5,0,1,0,0,0,1,1,0,0,0,1,0,1,0,0,0,1,0,0,1,0,-2,-5,-6,-6,-4,-3,-5,-6,-6,6,1,-5,3,0,-5,-5,-2,-5,-4,4,2,0,0,0,0,1,0,0,0,44,11,0,6,3,0,0,2,0,0,32,4398046511104,129.62,13.656,115.96,52.769,76.847,66.084,38.414,72.209,72.695,62.2,0.29738,0.55879,0,0,1.449,0,1.8694,1.1178,2.6238,0.98326,4.3435,0.86069,-3.9,0,0,1,1,0,0,0,0,1,1,0,0,0,1,0,1,0,0,0,0,1,-1,0,-4,-3,-5,-2,-3,-3,-2,-3,-3,1,-4,-2,7,-1,1,-5,-4,-1,5,4,0,1,0,1,1,1,1,1,1,9,0,2,57,3,8,0,0,5,0
68,512,3.6051,0,3.6051,0,3.6051,1.6909,0,2.0071,0,2.5041,1.5927,1.0169,1.2396,1.036,2.7524,0,0.061926,0.055403,0.027033,0.024116,0.16423,0,-1.3,0,0,1,0,1,0,1,0,0,0,1,0,0,0,1,0,1,0,0,0,1,0,-4,-5,-6,-2,-5,-5,-4,-2,-3,0,-5,-3,6,-6,-2,-4,-2,7,-3,7,0,0,0,1,0,0,1,0,0,9,0,0,32,0,3,1,0,44,1,281474976710656,10.991,0,10.991,0,10.991,7.3595,0,9.3134,0,8.9044,1.7476,0.82345,1.3403,1.0236,2.484,0,0.29962,0.092428,0.35478,0.099976,0.478,0.16423,4.2,0,1,0,0,0,1,1,0,0,0,1,0,1,0,0,0,1,0,0,1,0,-3,-5,-6,-6,-3,-5,-5,-6,-6,6,0,-5,-1,0,-5,-4,-2,-5,-3,5,0,0,0,0,0,0,0,0,0,47,3,0,1,3,0,0,0,0,0,46,1
39,8,0.6972,0,0.6972,0,0.6972,0.34699,0,0.41684,0,0.40032,2.5214,1.1267,2.557,1.3265,4.0107,0,0,0,0,0,0,0,2.8,0,0,1,0,0,1,1,0,0,0,1,0,1,0,0,0,1,0,0,0,1,-5,-6,-6,-7,-1,-6,-6,-7,-5,3,1,-6,-2,8,-6,-5,-5,-3,1,0,0,0,0,0,1,0,0,0,0,15,13,0,0,60,0,0,0,0,4,7,18014398509481984,27.952,11.863,16.09,11.863,16.09,15.715,36.299,11.082,42.733,10.719,0.52441,0.68112,0.38209,0.6618,1.5284,0,0.37089,0.17856,0.22686,0.10111,0.69429,0.096829,3.8,0,1,0,0,0,1,1,0,0,1,0,0,1,0,0,0,1,0,0,1,0,-4,-5,-6,-7,-4,-5,-6,-7,-6,0,6,-5,-1,-2,-6,-5,-4,-4,-4,0,0,0,0,0,0,0,0,0,0,1,95,0,0,0,0,0,0,0,0,4,0
42,262144,65.764,0.1924,65.571,23.656,42.107,48.147,0.56356,64.003,42.093,52.379,0.71612,0.87212,0,0,2.2426,0,0.70313,0.25059,0.8165,0.24191,1.1484,0.37104,-0.7,1,0,0,0,1,0,0,0,0,0,1,0,0,0,1,0,1,0,1,0,0,-2,1,-1,0,-4,1,2,2,-2,-4,-4,3,-3,-4,-2,1,1,-4,-4,-4,1,8,1,5,0,6,14,15,0,0,1,25,0,0,2,11,10,0,0,0,2097152,31.966,23.084,8.8814,14.606,17.36,27.724,56.496,11.931,23.418,32.798,0.47548,0.67247,0.70716,0.70716,1.4386,0,0.92036,0.24616,0.81229,0.015759,1.3682,0.68063,-0.8,1,0,0,0,1,0,0,0,0,0,0,1,0,0,1,0,1,0,1,0,0,0,-1,1,-1,-3,0,0,-2,1,-4,-4,-2,-3,-1,-1,4,1,-3,3,-3,5,2,8,2,0,3,6,2,4,0,0,1,0,1,2,41,10,0,13,1,0
72,1e+19,11.751,5.1461,6.605,4.0325,7.7186,10.958,11.879,10.333,12.937,10.148,0.7537,0.95147,0,0,2.2489,0,0.42493,0.18263,0.2187,0,0.68063,0.2187,1.8,1,0,0,0,1,0,0,0,0,1,0,0,1,0,0,0,1,0,1,0,0,3,-1,-1,-2,1,-2,-2,-1,-3,0,-1,0,-2,-2,-3,2,0,-4,-3,1,34,3,3,1,3,0,1,4,0,6,5,5,0,1,0,17,4,0,0,13,281474976710656,10.991,0,10.991,0,10.991,7.3595,0,9.3134,0,8.9044,1.7476,0.82345,1.3403,1.0236,2.484,0,0.29962,0.092428,0.35478,0.099976,0.478,0.16423,4.2,0,1,0,0,0,1,1,0,0,0,1,0,1,0,0,0,1,0,0,1,0,-3,-5,-6,-6,-3,-5,-5,-6,-6,6,0,-5,-1,0,-5,-4,-2,-5,-3,5,0,0,0,0,0,0,0,0,0,47,3,0,1,3,0,0,0,0,0,46,1
44,4096,1.5593,0,1.5593,0,1.5593,0.83474,0,1.0209,0,0.97977,1.6043,1.0502,0.82778,0.83356,3.0587,0,0.056889,0.042703,0.016657,0.0092208,0.12647,0.0019112,1.9,0,0,1,0,0,1,1,0,0,1,0,0,0,0,1,0,1,0,0,0,1,-2,-4,-3,-6,-4,0,-5,-5,0,1,3,-4,8,-1,-5,-3,-1,-5,-4,0,2,0,1,0,0,4,0,1,2,8,26,0,45,2,0,1,4,0,0,4,134217728,17.586,0.6431,16.942,17.586,0,11.658,1.7639,14.811,16.271,0,1.2614,1.1103,0.9003,0.99222,2.8483,0,0.36642,0.1314,0.43795,0.10786,0.59082,0.11443,-3.5,0,1,0,1,0,0,0,1,0,0,0,1,0,1,0,0,1,0,0,1,0,-3,-2,3,-3,-5,3,-3,-4,2,-2,-2,-3,-1,2,-5,-2,-2,-2,7,-4,1,1,19,0,0,17,0,0,4,2,3,0,1,8,0,2,2,0,39,0,0
32,4096,1.5593,0,1.5593,0,1.5593,0.83474,0,1.0209,0,0.97977,1.6043,1.0502,0.82778,0.83356,3.0587,0,0.056889,0.042703,0.016657,0.0092208,0.12647,0.0019112,1.9,0,0,1,0,0,1,1,0,0,1,0,0,0,0,1,0,1,0,0,0,1,-2,-4,-3,-6,-4,0,-5,-5,0,1,3,-4,8,-1,-5,-3,-1,-5,-4,0,2,0,1,0,0,4,0,1,2,8,26,0,45,2,0,1,4,0,0,4,2251799813685248,37.218,2.7358,34.482,0,37.218,21.464,8.8024,24.227,0,25.257,0.81742,0.8567,0.37425,0.64822,2.2547,0,0.35244,0.11371,0.43031,0.064835,0.51013,0.12647,4.5,0,1,0,0,0,1,1,0,0,0,1,0,1,0,0,0,1,0,0,1,0,-4,-5,-3,-6,-2,-5,-5,-6,-4,4,-1,-4,-2,7,-6,-5,-3,-2,2,1,0,0,1,0,1,0,0,0,0,23,2,1,0,56,0,0,1,0,4,11,0
28,1e+19,11.751,5.1461,6.605,4.0325,7.7186,10.958,11.879,10.333,12.937,10.148,0.7537,0.95147,0,0,2.2489,0,0.42493,0.18263,0.2187,0,0.68063,0.2187,1.8,1,0,0,0,1,0,0,0,0,1,0,0,1,0,0,0,1,0,1,0,0,3,-1,-1,-2,1,-2,-2,-1,-3,0,-1,0,-2,-2,-3,2,0,-4,-3,1,34,3,3,1,3,0,1,4,0,6,5,5,0,1,0,17,4,0,0,13,2097152,41.332,17.738,23.594,17.274,24.058,35.848,43.412,31.696,27.697,45.452,0,0,0,0,0,0,0.89583,0.16018,0.8448,0.032651,1.1937,0.73665,-0.8,1,0,0,0,1,0,0,0,0,0,0,1,0,0,1,0,1,0,1,0,0,-1,-1,0,-1,-4,-1,0,-2,-1,-4,-4,-2,-4,-4,5,4,0,-4,1,-4,3,4,4,2,0,1,5,2,2,1,0,1,0,0,27,39,5,0,5,0,0
30,16777216,113.43,40.872,72.555,76.266,37.161,63.726,115.98,50.823,66.197,59.192,0,0,0,0,0,0,1.1771,0.41621,0.87152,0.18958,1.9352,0.54369,-3.5,0,1,0,1,0,0,0,1,0,1,0,0,0,1,0,0,1,0,0,1,0,0,0,1,0,-1,2,2,-2,0,-3,-1,2,-2,-3,-1,1,0,-4,-1,-2,10,3,6,5,1,8,17,1,3,0,5,16,0,0,2,14,6,0,1,2,64,7.5167,0,7.5167,5.9771,1.5396,3.1304,0,3.6206,11.089,0.82676,2.5443,1.341,2.1142,1.3548,4.0919,0,0.1795,0.07345,0.19222,0.08053,0.32737,0.07978,-0.9,0,0,1,0,0,1,1,0,0,0,1,0,1,0,0,0,1,0,0,0,1,-7,-7,-8,-8,-6,-6,-7,-7,-6,-7,-6,-7,-5,-3,-8,-7,-6,13,1,-7,0,0,0,0,0,0,0,0,0,0,0,0,0,0,0,0,0,97,3,0,0
47,8,177.02,32.739,144.28,19.483,157.54,88.101,97.234,86.262,72.777,90.456,0,0,0,0,0,0,2.0026,1.1447,2.6506,0.94614,4.0829,0.76608,2.8,0,0,1,0,0,1,1,0,0,0,1,0,1,0,0,0,1,0,0,0,1,-2,-2,-3,-4,-3,-2,-3,-3,1,-1,-1,-2,-1,5,-3,-2,-2,2,7,-1,0,0,0,0,0,0,0,0,0,0,0,0,0,27,0,0,0,0,73,0,8589934592,94.959,36.569,58.39,58.163,36.796,55.36,102.29,43.007,57.696,52.03,0.16191,0.45795,0,0,1.4572,0,1.1093,0.34235,0.85771,0.153,1.8162,0.59082,-3.5,0,1,0,1,0,0,0,1,0,1,0,0,0,1,0,0,0,1,0,1,0,-1,-1,4,2,-4,0,5,-3,-1,-4,-3,-2,-3,1,-3,-1,-2,-4,0,-4,4,2,25,8,0,2,40,0,0,0,1,0,0,6,0,4,1,0,4,0,1
40,18014398509481984,1.7797,0,1.7797,0,1.7797,1.0006,0,1.2258,0,1.1857,1.5672,1.2996,0.38001,0.6582,3.1528,0,0.070781,0.077172,0.00095558,0.00095558,0.2187,0,3.8,0,1,0,0,0,1,1,0,0,1,0,0,1,0,0,0,1,0,0,1,0,-4,-5,-6,-6,-4,-5,-6,-6,-5,1,6,-5,3,2,-6,-5,-4,-4,-3,1,0,0,0,0,0,0,0,0,0,5,71,0,8,7,0,0,0,0,0,9,262144,31.556,7.6487,23.907,15.28,16.276,23.103,22.404,23.335,27.188,20.246,0.74687,0.9273,0,0,2.4574,0,0.37889,0.11489,0.40788,0.14933,0.60306,0.24046,-0.7,1,0,0,0,1,0,0,0,0,0,1,0,0,0,1,0,1,0,1,0,0,-3,-4,-4,-5,-3,-4,-4,-5,-5,5,1,-4,0,-3,-4,-2,5,-5,-4,1,0,0,0,0,0,0,0,0,0,44,9,0,2,0,0,0,42,0,0,4,0
76,1073741824,163.48,24.115,139.37,78.149,85.334,90.357,69.218,95.398,104.67,80.299,0,0,0,0,0,0,1.5667,0.4636,1.7805,0.43786,2.4164,0.87746,-3.2,0,0,1,0,1,0,0,0,1,1,0,0,0,0,1,0,1,0,0,0,1,1,0,-1,0,-3,2,2,-1,1,0,0,1,0,-2,-2,1,0,-3,-2,0,10,3,1,4,0,11,13,3,5,4,9,10,3,1,0,13,5,0,0,6,281474976710656,10.991,0,10.991,0,10.991,7.3595,0,9.3134,0,8.9044,1.7476,0.82345,1.3403,1.0236,2.484,0,0.29962,0.092428,0.35478,0.099976,0.478,0.16423,4.2,0,1,0,0,0,1,1,0,0,0,1,0,1,0,0,0,1,0,0,1,0,-3,-5,-6,-6,-3,-5,-5,-6,-6,6,0,-5,-1,0,-5,-4,-2,-5,-3,5,0,0,0,0,0,0,0,0,0,47,3,0,1,3,0,0,0,0,0,46,1
4,4096,1.5593,0,1.5593,0,1.5593,0.83474,0,1.0209,0,0.97977,1.6043,1.0502,0.82778,0.83356,3.0587,0,0.056889,0.042703,0.016657,0.0092208,0.12647,0.0019112,1.9,0,0,1,0,0,1,1,0,0,1,0,0,0,0,1,0,1,0,0,0,1,-2,-4,-3,-6,-4,0,-5,-5,0,1,3,-4,8,-1,-5,-3,-1,-5,-4,0,2,0,1,0,0,4,0,1,2,8,26,0,45,2,0,1,4,0,0,4,8589934592,94.959,36.569,58.39,58.163,36.796,55.36,102.29,43.007,57.696,52.03,0.16191,0.45795,0,0,1.4572,0,1.1093,0.34235,0.85771,0.153,1.8162,0.59082,-3.5,0,1,0,1,0,0,0,1,0,1,0,0,0,1,0,0,0,1,0,1,0,-1,-1,4,2,-4,0,5,-3,-1,-4,-3,-2,-3,1,-3,-1,-2,-4,0,-4,4,2,25,8,0,2,40,0,0,0,1,0,0,6,0,4,1,0,4,0,0
61,2251799813685248,0.1764,0,0.1764,0,0.1764,0.10173,0,0.12394,0,0.11971,2.0709,0.97358,1.3889,0.89846,3.3043,0,0.14639,0.090472,0.088854,0.066254,0.30248,0,4.5,0,1,0,0,0,1,1,0,0,0,1,0,1,0,0,0,1,0,0,1,0,-3,-5,-6,-6,-3,-4,-5,-6,-5,4,5,-5,4,-2,-5,-5,-3,-4,-3,2,0,0,0,0,0,0,0,0,0,22,57,0,9,0,0,0,0,0,0,11,8589934592,94.959,36.569,58.39,58.163,36.796,55.36,102.29,43.007,57.696,52.03,0.16191,0.45795,0,0,1.4572,0,1.1093,0.34235,0.85771,0.153,1.8162,0.59082,-3.5,0,1,0,1,0,0,0,1,0,1,0,0,0,1,0,0,0,1,0,1,0,-1,-1,4,2,-4,0,5,-3,-1,-4,-3,-2,-3,1,-3,-1,-2,-4,0,-4,4,2,25,8,0,2,40,0,0,0,1,0,0,6,0,4,1,0,4,0,1
31,134217728,30.525,20.457,10.068,17.146,13.379,20.235,56.107,8.8016,15.864,31.28,0,0,0,0,0,0,0.43455,0.1864,0.25465,0.037428,0.69429,0.19769,-3.5,0,1,0,1,0,0,0,1,0,0,0,1,0,1,0,0,1,0,0,1,0,-3,-1,4,4,-4,-1,-1,-3,8,-5,-4,-2,-3,-3,-3,-2,-2,-4,1,-4,0,1,22,26,0,0,0,0,46,0,0,0,0,0,0,0,0,0,5,0,64,49.325,18.667,30.657,2.4334,46.891,20.542,57.42,14.767,4.5147,25.181,0.097981,0.35328,0.13717,0.41152,1.3717,0,0.21842,0.077548,0.23119,0.086536,0.36208,0.10263,-0.9,0,0,1,0,0,1,1,0,0,0,1,0,1,0,0,0,1,0,0,0,1,-5,-3,-7,-8,-6,-6,-6,-1,-6,-4,-5,-5,-2,-1,-7,-6,-5,12,1,-6,1,1,0,0,0,0,0,6,0,1,0,0,1,2,0,0,1,84,3,0,0
8,16777216,39.678,6.5263,33.152,31.246,8.4324,22.292,18.52,23.222,27.121,13.432,0.60642,0.89105,0.303,0.60599,2.4115,0,0.56999,0.14849,0.62516,0.17519,0.81215,0.40809,-3.5,0,1,0,1,0,0,0,1,0,1,0,0,0,1,0,0,1,0,0,1,0,1,1,-2,-2,-4,3,2,-3,3,-2,-1,2,-1,-4,-3,-1,1,-4,-3,0,12,9,1,0,0,13,17,0,9,1,4,13,1,0,0,3,8,0,0,8,2097152,85.366,25.453,59.913,46.773,38.592,74.038,62.293,80.485,74.994,72.912,0,0,0,0,0,0,1.169,0.35034,1.5982,0.25661,1.8548,0.79653,-0.8,1,0,0,0,1,0,0,0,0,0,0,1,0,0,1,0,1,0,1,0,0,2,1,0,0,-3,1,1,1,0,-3,-2,3,-2,-4,-1,0,-1,-1,-3,-2,23,6,3,5,0,6,7,9,2,1,3,27,0,0,2,2,2,1,0,2,0
69,18014398509481984,9.2639,4.0427,5.2212,4.0427,5.2212,5.2082,12.371,3.5961,14.563,3.4785,0.83684,0.89378,0.37919,0.65678,2.4144,0,0.24866,0.15056,0.11763,0.07176,0.49926,0.011638,3.8,0,1,0,0,0,1,1,0,0,1,0,0,1,0,0,0,1,0,0,1,0,-4,-2,-6,-6,-4,-5,-5,-6,-5,3,5,-5,3,1,-5,-5,-4,-1,-3,2,0,2,0,0,0,0,0,0,0,15,60,0,6,5,0,0,0,1,0,11,281474976710656,10.991,0,10.991,0,10.991,7.3595,0,9.3134,0,8.9044,1.7476,0.82345,1.3403,1.0236,2.484,0,0.29962,0.092428,0.35478,0.099976,0.478,0.16423,4.2,0,1,0,0,0,1,1,0,0,0,1,0,1,0,0,0,1,0,0,1,0,-3,-5,-6,-6,-3,-5,-5,-6,-6,6,0,-5,-1,0,-5,-4,-2,-5,-3,5,0,0,0,0,0,0,0,0,0,47,3,0,1,3,0,0,0,0,0,46,1
71,18014398509481984,9.2639,4.0427,5.2212,4.0427,5.2212,5.2082,12.371,3.5961,14.563,3.4785,0.83684,0.89378,0.37919,0.65678,2.4144,0,0.24866,0.15056,0.11763,0.07176,0.49926,0.011638,3.8,0,1,0,0,0,1,1,0,0,1,0,0,1,0,0,0,1,0,0,1,0,-4,-2,-6,-6,-4,-5,-5,-6,-5,3,5,-5,3,1,-5,-5,-4,-1,-3,2,0,2,0,0,0,0,0,0,0,15,60,0,6,5,0,0,0,1,0,11,2097152,74.309,8.176,66.133,37.293,37.016,64.449,20.01,88.841,59.794,69.934,0.59215,0.87776,0,0,2.232,0,1.4004,0.64237,2.2437,0.34933,2.5931,0.75124,-0.8,1,0,0,0,1,0,0,0,0,0,0,1,0,0,1,0,1,0,1,0,0,1,0,-2,-2,-3,0,0,-2,-1,-2,-3,2,-2,-4,2,3,1,-4,-2,-2,12,3,0,0,0,4,4,1,1,3,0,16,0,0,8,34,9,0,1,3,1
2,262144,2.4609,0,2.4609,0,2.4609,1.8017,0,2.402,0,3.0612,1.522,1.0644,0.47959,0.67825,2.762,0,0.29353,0.042282,0.31677,0.02762,0.35323,0.20461,-0.7,1,0,0,0,1,0,0,0,0,0,1,0,0,0,1,0,1,0,1,0,0,5,-3,-3,-3,-1,-2,0,0,-3,-4,-4,-1,-3,-5,-1,3,1,-5,-4,-2,49,0,0,0,1,1,6,4,0,0,0,2,0,0,2,25,8,0,0,2,4398046511104,91.756,7.7781,83.978,27.111,64.645,46.781,21.879,52.294,37.348,52.323,0.1355,0.38324,0,0,1.2195,0,0.93822,0.46538,1.2813,0.33141,1.7786,0.31897,-3.9,0,0,1,1,0,0,0,0,1,1,0,0,0,1,0,1,0,0,0,0,1,-2,3,-2,-1,-5,2,2,-4,0,-4,-3,5,-1,-3,-3,-2,-1,-5,-4,-4,2,14,0,3,0,9,16,0,2,0,2,45,2,1,0,1,2,0,0,0,0
58,4398046511104,117.16,16.97,100.19,49.637,67.521,59.732,47.735,62.388,68.381,54.651,0.13738,0.38856,0,0,1.2364,0,0.78353,0.25808,0.96215,0.20453,1.217,0.43722,-3.9,0,0,1,1,0,0,0,0,1,1,0,0,0,1,0,1,0,0,0,0,1,-2,3,-2,-2,-4,3,1,-2,-2,-4,-4,4,-3,-5,-3,2,-1,-4,-3,-4,0,14,0,0,0,17,9,2,0,1,0,35,0,0,0,22,1,0,0,0,35184372088832,91.415,91.415,0,45.49,45.925,113.5,113.5,0,119.96,107.73,0,0,0,0,0,0,1.7745,0.20006,0,0,2.0647,1.5108,-0.4,1,0,0,0,1,0,0,0,0,0,0,1,1,0,0,0,1,0,1,0,0,-1,0,0,1,-4,1,1,4,0,-3,-2,-1,-1,-1,-1,0,-1,3,-3,-3,4,7,3,6,0,7,13,34,2,1,3,1,2,3,2,5,2,5,0,1,1
62,2251799813685248,0.1764,0,0.1764,0,0.1764,0.10173,0,0.12394,0,0.11971,2.0709,0.97358,1.3889,0.89846,3.3043,0,0.14639,0.090472,0.088854,0.066254,0.30248,0,4.5,0,1,0,0,0,1,1,0,0,0,1,0,1,0,0,0,1,0,0,1,0,-3,-5,-6,-6,-3,-4,-5,-6,-5,4,5,-5,4,-2,-5,-5,-3,-4,-3,2,0,0,0,0,0,0,0,0,0,22,57,0,9,0,0,0,0,0,0,11,32768,65.253,23.347,41.907,22.837,42.417,49.637,64.636,43.955,83.345,40.758,0.24355,0.5446,0,0,1.4613,0,0.885,0.14212,0.83699,0.040462,1.105,0.73665,2.5,0,0,0,0,0,1,1,0,0,0,1,0,1,0,0,0,1,0,0,1,0,-3,-3,-2,2,7,-3,3,-3,-4,-5,-4,-3,-5,-6,6,-2,-3,-6,-5,-3,0,1,2,13,26,0,18,1,0,0,1,0,0,0,37,1,0,0,0,1,1
1,2251799813685248,6.9369,0,6.9369,0,6.9369,4.0005,0,4.8738,0,4.7075,1.7772,1.2079,1.0107,1.0687,3.2459,0,0.054584,0.032727,0.052486,0.044248,0.12042,0,4.5,0,1,0,0,0,1,1,0,0,0,1,0,1,0,0,0,1,0,0,1,0,-2,-5,-6,-6,-4,-3,-5,-6,-6,6,1,-5,3,0,-5,-5,-2,-5,-4,4,2,0,0,0,0,1,0,0,0,44,11,0,6,3,0,0,2,0,0,32,134217728,66.093,0.3358,65.757,42.056,24.037,43.813,0.92101,57.485,38.912,56.2,0.33383,0.581,0,0,1.449,0,0.99563,0.51352,1.421,0.38272,2.0647,0.41767,-3.5,0,1,0,1,0,0,0,1,0,0,0,1,0,1,0,0,1,0,0,1,0,-2,3,3,1,-4,0,-1,3,2,-4,-1,-1,-3,-4,-2,0,-1,-4,-2,-3,0,18,18,8,0,2,3,23,6,0,10,2,0,0,1,4,3,0,1,0,0
84,262144,65.764,0.1924,65.571,23.656,42.107,48.147,0.56356,64.003,42.093,52.379,0.71612,0.87212,0,0,2.2426,0,0.70313,0.25059,0.8165,0.24191,1.1484,0.37104,-0.7,1,0,0,0,1,0,0,0,0,0,1,0,0,0,1,0,1,0,1,0,0,-2,1,-1,0,-4,1,2,2,-2,-4,-4,3,-3,-4,-2,1,1,-4,-4,-4,1,8,1,5,0,6,14,15,0,0,1,25,0,0,2,11,10,0,0,0,32768,65.253,23.347,41.907,22.837,42.417,49.637,64.636,43.955,83.345,40.758,0.24355,0.5446,0,0,1.4613,0,0.885,0.14212,0.83699,0.040462,1.105,0.73665,2.5,0,0,0,0,0,1,1,0,0,0,1,0,1,0,0,0,1,0,0,1,0,-3,-3,-2,2,7,-3,3,-3,-4,-5,-4,-3,-5,-6,6,-2,-3,-6,-5,-3,0,1,2,13,26,0,18,1,0,0,1,0,0,0,37,1,0,0,0,1,1
20,262144,65.764,0.1924,65.571,23.656,42.107,48.147,0.56356,64.003,42.093,52.379,0.71612,0.87212,0,0,2.2426,0,0.70313,0.25059,0.8165,0.24191,1.1484,0.37104,-0.7,1,0,0,0,1,0,0,0,0,0,1,0,0,0,1,0,1,0,1,0,0,-2,1,-1,0,-4,1,2,2,-2,-4,-4,3,-3,-4,-2,1,1,-4,-4,-4,1,8,1,5,0,6,14,15,0,0,1,25,0,0,2,11,10,0,0,0,2097152,71.04,7.2871,63.753,29.157,41.882,61.613,17.834,85.643,46.749,79.128,0.59948,0.88516,0,0,2.2392,0,1.2089,0.40057,1.7383,0.19687,1.9352,0.82805,-0.8,1,0,0,0,1,0,0,0,0,0,0,1,0,0,1,0,1,0,1,0,0,-2,2,3,2,-4,1,0,-3,-2,-2,-3,2,-3,-3,-3,1,2,-4,-3,-1,1,15,15,10,0,6,4,0,0,1,0,14,0,1,0,12,16,0,0,5,0
87,134217728,6.3019,3.9856,2.3163,4.3744,1.9275,4.1776,10.931,2.0249,4.0474,4.5067,0.91827,0.96426,0.89388,0.9497,2.2537,0,0.25262,0.070728,0.26057,0.041973,0.39864,0.17077,-3.5,0,1,0,1,0,0,0,1,0,0,0,1,0,1,0,0,1,0,0,1,0,-6,-5,9,-1,-7,-4,-4,-5,-1,-7,-8,-4,-6,-7,-6,-3,-3,-8,-6,-7,0,0,96,1,0,0,0,0,1,0,0,0,0,0,0,1,1,0,0,0,281474976710656,10.991,0,10.991,0,10.991,7.3595,0,9.3134,0,8.9044,1.7476,0.82345,1.3403,1.0236,2.484,0,0.29962,0.092428,0.35478,0.099976,0.478,0.16423,4.2,0,1,0,0,0,1,1,0,0,0,1,0,1,0,0,0,1,0,0,1,0,-3,-5,-6,-6,-3,-5,-5,-6,-6,6,0,-5,-1,0,-5,-4,-2,-5,-3,5,0,0,0,0,0,0,0,0,0,47,3,0,1,3,0,0,0,0,0,46,1
65,2251799813685248,0.1764,0,0.1764,0,0.1764,0.10173,0,0.12394,0,0.11971,2.0709,0.97358,1.3889,0.89846,3.3043,0,0.14639,0.090472,0.088854,0.066254,0.30248,0,4.5,0,1,0,0,0,1,1,0,0,0,1,0,1,0,0,0,1,0,0,1,0,-3,-5,-6,-6,-3,-4,-5,-6,-5,4,5,-5,4,-2,-5,-5,-3,-4,-3,2,0,0,0,0,0,0,0,0,0,22,57,0,9,0,0,0,0,0,0,11,35184372088832,91.415,91.415,0,45.49,45.925,113.5,113.5,0,119.96,107.73,0,0,0,0,0,0,1.7745,0.20006,0,0,2.0647,1.5108,-0.4,1,0,0,0,1,0,0,0,0,0,0,1,1,0,0,0,1,0,1,0,0,-1,0,0,1,-4,1,1,4,0,-3,-2,-1,-1,-1,-1,0,-1,3,-3,-3,4,7,3,6,0,7,13,34,2,1,3,1,2,3,2,5,2,5,0,1,1
34,2251799813685248,2.1447,0,2.1447,0,2.1447,1.2369,0,1.5069,0,1.4554,2.3374,1.0418,1.8061,1.1959,3.3602,0,0.033713,0.034414,0,0,0.07978,0,4.5,0,1,0,0,0,1,1,0,0,0,1,0,1,0,0,0,1,0,0,1,0,-3,-6,-6,-6,-4,-5,-6,-6,-6,6,2,-5,1,-2,-6,-5,-2,-5,-4,3,1,0,0,0,0,0,0,0,0,58,14,0,3,1,0,0,2,0,0,22,134217728,50.706,1.3835,49.323,18.223,32.483,33.614,3.7946,43.118,16.861,75.948,0.63278,0.85167,0,0,2.2367,0,0.45891,0.11548,0.53635,0.080097,0.66718,0.27072,-3.5,0,1,0,1,0,0,0,1,0,0,0,1,0,1,0,0,1,0,0,1,0,-2,-3,6,3,-5,-2,-2,-2,5,-5,-6,-3,-4,-5,-4,2,-2,-6,-4,-5,2,0,51,15,0,0,1,2,13,0,0,0,0,0,0,14,1,0,0,0,0
23,2251799813685248,2.1447,0,2.1447,0,2.1447,1.2369,0,1.5069,0,1.4554,2.3374,1.0418,1.8061,1.1959,3.3602,0,0.033713,0.034414,0,0,0.07978,0,4.5,0,1,0,0,0,1,1,0,0,0,1,0,1,0,0,0,1,0,0,1,0,-3,-6,-6,-6,-4,-5,-6,-6,-6,6,2,-5,1,-2,-6,-5,-2,-5,-4,3,1,0,0,0,0,0,0,0,0,58,14,0,3,1,0,0,2,0,0,22,2097152,47.107,6.3375,40.77,32.378,14.729,40.856,15.51,54.769,51.913,27.827,0.8153,0.87186,0,0,2.2484,0,1.1354,0.3091,1.4314,0.14136,1.5728,0.62811,-0.8,1,0,0,0,1,0,0,0,0,0,0,1,0,0,1,0,1,0,1,0,0,-2,0,2,0,-3,1,1,-2,-1,0,-2,0,-2,-3,-2,2,4,-4,-3,-1,0,5,11,5,0,5,7,1,1,5,3,6,0,1,1,13,31,0,0,3,0
24,1073741824,163.48,24.115,139.37,78.149,85.334,90.357,69.218,95.398,104.67,80.299,0,0,0,0,0,0,1.5667,0.4636,1.7805,0.43786,2.4164,0.87746,-3.2,0,0,1,0,1,0,0,0,1,1,0,0,0,0,1,0,1,0,0,0,1,1,0,-1,0,-3,2,2,-1,1,0,0,1,0,-2,-2,1,0,-3,-2,0,10,3,1,4,0,11,13,3,5,4,9,10,3,1,0,13,5,0,0,6,35184372088832,0.3709,0.3709,0,0.3709,0,0.46052,0.46052,0,0.97811,0,1.7239,1.2341,0,0,3.285,0,0,0,0,0,0,0,-0.4,1,0,0,0,1,0,0,0,0,0,0,1,1,0,0,0,1,0,1,0,0,-3,-6,-3,-4,-6,-5,-5,8,-5,-7,-7,-5,-6,-6,-5,-3,-5,-6,-6,-6,0,0,0,0,0,0,0,100,0,0,0,0,0,0,0,0,0,0,0,0,0
14,18014398509481984,9.2639,4.0427,5.2212,4.0427,5.2212,5.2082,12.371,3.5961,14.563,3.4785,0.83684,0.89378,0.37919,0.65678,2.4144,0,0.24866,0.15056,0.11763,0.07176,0.49926,0.011638,3.8,0,1,0,0,0,1,1,0,0,1,0,0,1,0,0,0,1,0,0,1,0,-4,-2,-6,-6,-4,-5,-5,-6,-5,3,5,-5,3,1,-5,-5,-4,-1,-3,2,0,2,0,0,0,0,0,0,0,15,60,0,6,5,0,0,0,1,0,11,2251799813685248,1.544,0,1.544,0,1.544,0.89043,0,1.0848,0,1.0478,2.3184,1.1939,1.3845,0.89752,3.8296,0,0,0,0,0,0,0,4.5,0,1,0,0,0,1,1,0,0,0,1,0,1,0,0,0,1,0,0,1,0,-4,-5,-6,-6,-4,-5,-6,-6,-6,7,2,-5,-1,-2,-5,-5,-1,-5,-4,2,0,0,0,0,0,0,0,0,0,72,13,0,0,0,0,0,2,0,0,12,0
45,8,177.02,32.739,144.28,19.483,157.54,88.101,97.234,86.262,72.777,90.456,0,0,0,0,0,0,2.0026,1.1447,2.6506,0.94614,4.0829,0.76608,2.8,0,0,1,0,0,1,1,0,0,0,1,0,1,0,0,0,1,0,0,0,1,-2,-2,-3,-4,-3,-2,-3,-3,1,-1,-1,-2,-1,5,-3,-2,-2,2,7,-1,0,0,0,0,0,0,0,0,0,0,0,0,0,27,0,0,0,0,73,0,281474976710656,10.991,0,10.991,0,10.991,7.3595,0,9.3134,0,8.9044,1.7476,0.82345,1.3403,1.0236,2.484,0,0.29962,0.092428,0.35478,0.099976,0.478,0.16423,4.2,0,1,0,0,0,1,1,0,0,0,1,0,1,0,0,0,1,0,0,1,0,-3,-5,-6,-6,-3,-5,-5,-6,-6,6,0,-5,-1,0,-5,-4,-2,-5,-3,5,0,0,0,0,0,0,0,0,0,47,3,0,1,3,0,0,0,0,0,46,1
59,2251799813685248,0.1764,0,0.1764,0,0.1764,0.10173,0,0.12394,0,0.11971,2.0709,0.97358,1.3889,0.89846,3.3043,0,0.14639,0.090472,0.088854,0.066254,0.30248,0,4.5,0,1,0,0,0,1,1,0,0,0,1,0,1,0,0,0,1,0,0,1,0,-3,-5,-6,-6,-3,-4,-5,-6,-5,4,5,-5,4,-2,-5,-5,-3,-4,-3,2,0,0,0,0,0,0,0,0,0,22,57,0,9,0,0,0,0,0,0,11,281474976710656,10.991,0,10.991,0,10.991,7.3595,0,9.3134,0,8.9044,1.7476,0.82345,1.3403,1.0236,2.484,0,0.29962,0.092428,0.35478,0.099976,0.478,0.16423,4.2,0,1,0,0,0,1,1,0,0,0,1,0,1,0,0,0,1,0,0,1,0,-3,-5,-6,-6,-3,-5,-5,-6,-6,6,0,-5,-1,0,-5,-4,-2,-5,-3,5,0,0,0,0,0,0,0,0,0,47,3,0,1,3,0,0,0,0,0,46,1
38,8,0.6972,0,0.6972,0,0.6972,0.34699,0,0.41684,0,0.40032,2.5214,1.1267,2.557,1.3265,4.0107,0,0,0,0,0,0,0,2.8,0,0,1,0,0,1,1,0,0,0,1,0,1,0,0,0,1,0,0,0,1,-5,-6,-6,-7,-1,-6,-6,-7,-5,3,1,-6,-2,8,-6,-5,-5,-3,1,0,0,0,0,0,1,0,0,0,0,15,13,0,0,60,0,0,0,0,4,7,18014398509481984,0.4257,0,0.4257,0,0.4257,0.23933,0,0.2932,0,0.28361,1.6813,1.0724,1.0072,1.0666,2.9424,0,0.079456,0.066023,0.053526,0.032358,0.21161,0.0019112,3.8,0,1,0,0,0,1,1,0,0,1,0,0,1,0,0,0,1,0,0,1,0,-4,-5,-6,-6,-4,-5,-6,-6,-6,1,6,-5,0,-2,-6,-4,-4,-4,-4,0,0,0,0,0,0,0,0,0,0,5,90,0,0,0,0,0,0,0,0,4,0
50,8,177.02,32.739,144.28,19.483,157.54,88.101,97.234,86.262,72.777,90.456,0,0,0,0,0,0,2.0026,1.1447,2.6506,0.94614,4.0829,0.76608,2.8,0,0,1,0,0,1,1,0,0,0,1,0,1,0,0,0,1,0,0,0,1,-2,-2,-3,-4,-3,-2,-3,-3,1,-1,-1,-2,-1,5,-3,-2,-2,2,7,-1,0,0,0,0,0,0,0,0,0,0,0,0,0,27,0,0,0,0,73,0,2097152,74.309,8.176,66.133,37.293,37.016,64.449,20.01,88.841,59.794,69.934,0.59215,0.87776,0,0,2.232,0,1.4004,0.64237,2.2437,0.34933,2.5931,0.75124,-0.8,1,0,0,0,1,0,0,0,0,0,0,1,0,0,1,0,1,0,1,0,0,1,0,-2,-2,-3,0,0,-2,-1,-2,-3,2,-2,-4,2,3,1,-4,-2,-2,12,3,0,0,0,4,4,1,1,3,0,16,0,0,8,34,9,0,1,3,1
6,1e+19,0.205,0,0.205,0,0.205,0.19116,0,0.32071,0,0.26952,1.9425,1.1157,0,0,3.2536,0,0.039232,0.043992,0,0,0.11443,0,1.8,1,0,0,0,1,0,0,0,0,1,0,0,1,0,0,0,1,0,1,0,0,3,-3,0,-3,-2,-3,-2,-3,2,-2,-2,-2,-1,-1,-3,5,0,-4,1,-3,22,0,3,0,1,0,1,0,5,2,4,2,1,3,0,45,4,0,5,1,16777216,105.08,13.649,91.432,49.24,55.841,59.037,38.731,64.046,42.739,88.947,0.16009,0.45282,0,0,1.4409,0,0.94329,0.29424,1.1741,0.16083,1.3682,0.55521,-3.5,0,1,0,1,0,0,0,1,0,1,0,0,0,1,0,0,1,0,0,1,0,-1,-1,-1,-2,-1,1,0,-4,-3,0,-1,1,2,-2,-1,0,3,-4,-3,3,1,2,2,1,1,6,5,0,0,1,3,9,6,1,3,6,21,0,0,33,0
17,512,3.6051,0,3.6051,0,3.6051,1.6909,0,2.0071,0,2.5041,1.5927,1.0169,1.2396,1.036,2.7524,0,0.061926,0.055403,0.027033,0.024116,0.16423,0,-1.3,0,0,1,0,1,0,1,0,0,0,1,0,0,0,1,0,1,0,0,0,1,0,-4,-5,-6,-2,-5,-5,-4,-2,-3,0,-5,-3,6,-6,-2,-4,-2,7,-3,7,0,0,0,1,0,0,1,0,0,9,0,0,32,0,3,1,0,44,1,2251799813685248,8.7488,7.6145,1.1343,6.0159,2.7329,5.0454,24.5,0.79695,23.103,1.8546,0.3699,0.64078,0.37538,0.65017,1.5015,0,0.252,0.14715,0.13366,0.080007,0.53233,0.026589,4.5,0,1,0,0,0,1,1,0,0,0,1,0,1,0,0,0,1,0,0,1,0,-3,-4,-2,-1,0,-3,-4,-4,0,3,2,-3,5,2,-5,-2,-3,-2,5,-1,0,0,1,3,2,0,0,1,2,17,17,1,22,7,0,4,0,0,22,2,0
64,2251799813685248,0.1764,0,0.1764,0,0.1764,0.10173,0,0.12394,0,0.11971,2.0709,0.97358,1.3889,0.89846,3.3043,0,0.14639,0.090472,0.088854,0.066254,0.30248,0,4.5,0,1,0,0,0,1,1,0,0,0,1,0,1,0,0,0,1,0,0,1,0,-3,-5,-6,-6,-3,-4,-5,-6,-5,4,5,-5,4,-2,-5,-5,-3,-4,-3,2,0,0,0,0,0,0,0,0,0,22,57,0,9,0,0,0,0,0,0,11,18014398509481984,4.7485,0,4.7485,0,4.7485,2.6696,0,3.2705,0,3.1636,2.595,1.2236,1.63,1.0174,3.8757,0,0.074716,0.075949,0.0083955,0.013461,0.21161,0,3.8,0,1,0,0,0,1,1,0,0,1,0,0,1,0,0,0,1,0,0,1,0,-4,-5,-5,-5,-4,-4,-5,-6,-5,-1,5,-4,0,-3,6,-4,-3,-5,-4,-2,0,0,0,0,0,0,0,0,0,2,60,0,1,0,36,0,1,0,0,0,1
26,1e+19,0.7724,0,0.7724,0,0.7724,0.72025,0,1.2084,0,1.0155,1.8359,1.0046,0,0,2.7622,0,0.056005,0.043493,0,0,0.12042,0,1.8,1,0,0,0,1,0,0,0,0,1,0,0,1,0,0,0,1,0,1,0,0,5,-4,-4,-3,3,-4,-4,2,-4,-4,-4,-3,-2,-5,-4,1,1,-5,-5,-3,59,0,0,1,5,0,0,15,0,0,1,0,1,0,0,10,7,0,0,1,281474976710656,0.8534,0,0.8534,0,0.8534,0.57145,0,0.72316,0,0.6914,2.2688,1.1596,1.3016,0.98586,3.8442,0,0,0,0,0,0,0,4.2,0,1,0,0,0,1,1,0,0,0,1,0,1,0,0,0,1,0,0,1,0,3,-5,-5,-5,-3,-4,-4,-4,-5,1,-1,-4,-2,-4,-4,-3,-2,-5,-4,6,27,0,0,0,0,0,0,0,0,3,2,0,0,0,0,0,1,0,0,68,0
51,8,177.02,32.739,144.28,19.483,157.54,88.101,97.234,86.262,72.777,90.456,0,0,0,0,0,0,2.0026,1.1447,2.6506,0.94614,4.0829,0.76608,2.8,0,0,1,0,0,1,1,0,0,0,1,0,1,0,0,0,1,0,0,0,1,-2,-2,-3,-4,-3,-2,-3,-3,1,-1,-1,-2,-1,5,-3,-2,-2,2,7,-1,0,0,0,0,0,0,0,0,0,0,0,0,0,27,0,0,0,0,73,0,18014398509481984,4.7485,0,4.7485,0,4.7485,2.6696,0,3.2705,0,3.1636,2.595,1.2236,1.63,1.0174,3.8757,0,0.074716,0.075949,0.0083955,0.013461,0.21161,0,3.8,0,1,0,0,0,1,1,0,0,1,0,0,1,0,0,0,1,0,0,1,0,-4,-5,-5,-5,-4,-4,-5,-6,-5,-1,5,-4,0,-3,6,-4,-3,-5,-4,-2,0,0,0,0,0,0,0,0,0,2,60,0,1,0,36,0,1,0,0,0,1
56,4398046511104,117.16,16.97,100.19,49.637,67.521,59.732,47.735,62.388,68.381,54.651,0.13738,0.38856,0,0,1.2364,0,0.78353,0.25808,0.96215,0.20453,1.217,0.43722,-3.9,0,0,1,1,0,0,0,0,1,1,0,0,0,1,0,1,0,0,0,0,1,-2,3,-2,-2,-4,3,1,-2,-2,-4,-4,4,-3,-5,-3,2,-1,-4,-3,-4,0,14,0,0,0,17,9,2,0,1,0,35,0,0,0,22,1,0,0,0,281474976710656,10.991,0,10.991,0,10.991,7.3595,0,9.3134,0,8.9044,1.7476,0.82345,1.3403,1.0236,2.484,0,0.29962,0.092428,0.35478,0.099976,0.478,0.16423,4.2,0,1,0,0,0,1,1,0,0,0,1,0,1,0,0,0,1,0,0,1,0,-3,-5,-6,-6,-3,-5,-5,-6,-6,6,0,-5,-1,0,-5,-4,-2,-5,-3,5,0,0,0,0,0,0,0,0,0,47,3,0,1,3,0,0,0,0,0,46,1
18,281474976710656,4.4504,0,4.4504,0,4.4504,2.98,0,3.7712,0,3.6056,1.8568,0.92134,1.3367,1.0268,2.9372,0,0.058955,0.025471,0.045822,0.032709,0.085404,0,4.2,0,1,0,0,0,1,1,0,0,0,1,0,1,0,0,0,1,0,0,1,0,0,-4,-5,-5,-3,-4,-5,-5,0,1,3,-4,2,3,-4,-4,-2,3,2,3,6,0,0,0,0,0,0,0,2,7,29,0,4,12,1,0,1,4,6,28,1e+19,6.475,6.475,0,6.238,0.237,6.0379,14.947,0,20.013,0.3116,0.59656,0.73109,1.5324,0,1.5324,0,0.56314,0.22201,0.26302,0,0.9119,0.26302,1.8,1,0,0,0,1,0,0,0,0,1,0,0,1,0,0,0,1,0,1,0,0,4,-4,-5,-5,-3,-4,-4,-4,-5,0,0,-4,1,-3,-4,-2,-2,1,-4,5,38,0,0,0,0,0,0,0,0,1,6,0,3,0,0,0,0,2,0,49,0
33,18014398509481984,9.2639,4.0427,5.2212,4.0427,5.2212,5.2082,12.371,3.5961,14.563,3.4785,0.83684,0.89378,0.37919,0.65678,2.4144,0,0.24866,0.15056,0.11763,0.07176,0.49926,0.011638,3.8,0,1,0,0,0,1,1,0,0,1,0,0,1,0,0,0,1,0,0,1,0,-4,-2,-6,-6,-4,-5,-5,-6,-5,3,5,-5,3,1,-5,-5,-4,-1,-3,2,0,2,0,0,0,0,0,0,0,15,60,0,6,5,0,0,0,1,0,11,35184372088832,60.139,60.139,0,28.08,32.059,74.67,74.67,0,74.05,75.204,0,0,0,0,0,0,1.3894,0.13425,0,0,1.5414,1.1937,-0.4,1,0,0,0,1,0,0,0,0,0,0,1,1,0,0,0,1,0,1,0,0,-1,-2,0,3,-4,0,3,3,-2,-4,-4,0,-2,-4,2,0,-2,-1,-2,-4,3,0,2,19,0,2,21,23,0,0,0,7,1,0,12,5,1,1,1,0,0
88,134217728,6.3019,3.9856,2.3163,4.3744,1.9275,4.1776,10.931,2.0249,4.0474,4.5067,0.91827,0.96426,0.89388,0.9497,2.2537,0,0.25262,0.070728,0.26057,0.041973,0.39864,0.17077,-3.5,0,1,0,1,0,0,0,1,0,0,0,1,0,1,0,0,1,0,0,1,0,-6,-5,9,-1,-7,-4,-4,-5,-1,-7,-8,-4,-6,-7,-6,-3,-3,-8,-6,-7,0,0,96,1,0,0,0,0,1,0,0,0,0,0,0,1,1,0,0,0,2097152,74.309,8.176,66.133,37.293,37.016,64.449,20.01,88.841,59.794,69.934,0.59215,0.87776,0,0,2.232,0,1.4004,0.64237,2.2437,0.34933,2.5931,0.75124,-0.8,1,0,0,0,1,0,0,0,0,0,0,1,0,0,1,0,1,0,1,0,0,1,0,-2,-2,-3,0,0,-2,-1,-2,-3,2,-2,-4,2,3,1,-4,-2,-2,12,3,0,0,0,4,4,1,1,3,0,16,0,0,8,34,9,0,1,3,1
70,18014398509481984,9.2639,4.0427,5.2212,4.0427,5.2212,5.2082,12.371,3.5961,14.563,3.4785,0.83684,0.89378,0.37919,0.65678,2.4144,0,0.24866,0.15056,0.11763,0.07176,0.49926,0.011638,3.8,0,1,0,0,0,1,1,0,0,1,0,0,1,0,0,0,1,0,0,1,0,-4,-2,-6,-6,-4,-5,-5,-6,-5,3,5,-5,3,1,-5,-5,-4,-1,-3,2,0,2,0,0,0,0,0,0,0,15,60,0,6,5,0,0,0,1,0,11,32768,65.253,23.347,41.907,22.837,42.417,49.637,64.636,43.955,83.345,40.758,0.24355,0.5446,0,0,1.4613,0,0.885,0.14212,0.83699,0.040462,1.105,0.73665,2.5,0,0,0,0,0,1,1,0,0,0,1,0,1,0,0,0,1,0,0,1,0,-3,-3,-2,2,7,-3,3,-3,-4,-5,-4,-3,-5,-6,6,-2,-3,-6,-5,-3,0,1,2,13,26,0,18,1,0,0,1,0,0,0,37,1,0,0,0,1,1
9,1073741824,163.48,24.115,139.37,78.149,85.334,90.357,69.218,95.398,104.67,80.299,0,0,0,0,0,0,1.5667,0.4636,1.7805,0.43786,2.4164,0.87746,-3.2,0,0,1,0,1,0,0,0,1,1,0,0,0,0,1,0,1,0,0,0,1,1,0,-1,0,-3,2,2,-1,1,0,0,1,0,-2,-2,1,0,-3,-2,0,10,3,1,4,0,11,13,3,5,4,9,10,3,1,0,13,5,0,0,6,262144,124.15,40.859,83.294,48.46,75.693,90.895,119.68,81.302,86.228,94.157,0,0,0,0,0,0,1.6692,0.39943,1.9858,0.16317,2.2061,1.0038,-0.7,1,0,0,0,1,0,0,0,0,0,1,0,0,0,1,0,1,0,1,0,0,0,-1,0,-1,-3,0,0,-3,-2,-4,-4,-1,-3,-3,-2,5,4,-5,-2,-3,3,3,3,2,0,3,4,0,1,0,0,2,0,1,1,48,28,0,1,0,0
73,1e+19,11.751,5.1461,6.605,4.0325,7.7186,10.958,11.879,10.333,12.937,10.148,0.7537,0.95147,0,0,2.2489,0,0.42493,0.18263,0.2187,0,0.68063,0.2187,1.8,1,0,0,0,1,0,0,0,0,1,0,0,1,0,0,0,1,0,1,0,0,3,-1,-1,-2,1,-2,-2,-1,-3,0,-1,0,-2,-2,-3,2,0,-4,-3,1,34,3,3,1,3,0,1,4,0,6,5,5,0,1,0,17,4,0,0,13,281474976710656,0.5227,0.2988,0.2239,0.2988,0.2239,0.35001,0.95372,0.18973,1.1532,0.1814,1.5064,1.0878,1.346,1.0304,2.8669,0,0.0030795,0.0075432,0,0,0.021556,0,4.2,0,1,0,0,0,1,1,0,0,0,1,0,1,0,0,0,1,0,0,1,0,-3,-5,-6,-6,-3,-5,-5,-6,-5,2,5,-5,1,-2,-5,-5,-3,-4,-3,3,0,0,0,0,0,0,0,0,0,8,72,0,1,0,0,0,0,0,0,18,1
46,8,177.02,32.739,144.28,19.483,157.54,88.101,97.234,86.262,72.777,90.456,0,0,0,0,0,0,2.0026,1.1447,2.6506,0.94614,4.0829,0.76608,2.8,0,0,1,0,0,1,1,0,0,0,1,0,1,0,0,0,1,0,0,0,1,-2,-2,-3,-4,-3,-2,-3,-3,1,-1,-1,-2,-1,5,-3,-2,-2,2,7,-1,0,0,0,0,0,0,0,0,0,0,0,0,0,27,0,0,0,0,73,0,2097152,31.966,23.084,8.8814,14.606,17.36,27.724,56.496,11.931,23.418,32.798,0.47548,0.67247,0.70716,0.70716,1.4386,0,0.92036,0.24616,0.81229,0.015759,1.3682,0.68063,-0.8,1,0,0,0,1,0,0,0,0,0,0,1,0,0,1,0,1,0,1,0,0,0,-1,1,-1,-3,0,0,-2,1,-4,-4,-2,-3,-1,-1,4,1,-3,3,-3,5,2,8,2,0,3,6,2,4,0,0,1,0,1,2,41,10,0,13,1,1
10,16777216,113.43,40.872,72.555,76.266,37.161,63.726,115.98,50.823,66.197,59.192,0,0,0,0,0,0,1.1771,0.41621,0.87152,0.18958,1.9352,0.54369,-3.5,0,1,0,1,0,0,0,1,0,1,0,0,0,1,0,0,1,0,0,1,0,0,0,1,0,-1,2,2,-2,0,-3,-1,2,-2,-3,-1,1,0,-4,-1,-2,10,3,6,5,1,8,17,1,3,0,5,16,0,0,2,14,6,0,1,2,2251799813685248,0,0,0,0,0,0,0,0,0,0,3.5285,0.84677,4.2229,0.40586,4.7311,2.3893,0.19705,0.13673,0.073428,0.045703,0.38012,0.0067513,4.5,0,1,0,0,0,1,1,0,0,0,1,0,1,0,0,0,1,0,0,1,0,-4,-6,-6,-6,-4,-6,-6,-7,-6,8,-1,-6,-1,-3,-6,-4,-3,-6,-4,3,0,0,0,0,0,0,0,0,0,85,1,0,0,0,0,1,0,0,0,13,0
43,8,7.4255,0.1471,7.2784,0,7.4255,3.6956,0.43689,4.3515,0,4.2636,0.71036,0.8129,0.39411,0.62314,2.2555,0,0.21996,0.078074,0.19735,0.081042,0.31897,0.085404,2.8,0,0,1,0,0,1,1,0,0,0,1,0,1,0,0,0,1,0,0,0,1,-2,-4,-3,-5,-4,0,-4,-5,-2,1,2,-4,0,6,-5,-4,-1,0,1,2,3,0,1,0,0,4,0,0,1,9,21,0,1,39,0,0,3,1,2,14,18014398509481984,87.853,27.522,60.331,26.205,61.648,49.392,84.218,41.553,94.398,41.071,0.18175,0.48087,0,0,1.454,0,1.1202,0.32583,0.89154,0.19863,1.7786,0.57877,3.8,0,1,0,0,0,1,1,0,0,1,0,0,1,0,0,0,1,0,0,1,0,-3,-3,4,-1,-4,-3,-2,-4,-2,3,2,-3,0,3,-3,-3,-2,-3,2,0,0,0,24,2,0,0,2,0,0,20,23,1,1,12,1,0,2,0,8,3,0
83,262144,65.764,0.1924,65.571,23.656,42.107,48.147,0.56356,64.003,42.093,52.379,0.71612,0.87212,0,0,2.2426,0,0.70313,0.25059,0.8165,0.24191,1.1484,0.37104,-0.7,1,0,0,0,1,0,0,0,0,0,1,0,0,0,1,0,1,0,1,0,0,-2,1,-1,0,-4,1,2,2,-2,-4,-4,3,-3,-4,-2,1,1,-4,-4,-4,1,8,1,5,0,6,14,15,0,0,1,25,0,0,2,11,10,0,0,0,8589934592,94.959,36.569,58.39,58.163,36.796,55.36,102.29,43.007,57.696,52.03,0.16191,0.45795,0,0,1.4572,0,1.1093,0.34235,0.85771,0.153,1.8162,0.59082,-3.5,0,1,0,1,0,0,0,1,0,1,0,0,0,1,0,0,0,1,0,1,0,-1,-1,4,2,-4,0,5,-3,-1,-4,-3,-2,-3,1,-3,-1,-2,-4,0,-4,4,2,25,8,0,2,40,0,0,0,1,0,0,6,0,4,1,0,4,0,1
0,8,0.6972,0,0.6972,0,0.6972,0.34699,0,0.41684,0,0.40032,2.5214,1.1267,2.557,1.3265,4.0107,0,0,0,0,0,0,0,2.8,0,0,1,0,0,1,1,0,0,0,1,0,1,0,0,0,1,0,0,0,1,-5,-6,-6,-7,-1,-6,-6,-7,-5,3,1,-6,-2,8,-6,-5,-5,-3,1,0,0,0,0,0,1,0,0,0,0,15,13,0,0,60,0,0,0,0,4,7,1,21.833,0,21.833,0,21.833,16.32,0,21.643,0,19.352,1.2311,1.1887,0,0,3.1362,0,0.47777,0.17362,0.63845,0.10026,0.76608,0.2187,1.6,1,0,0,0,1,0,0,1,0,0,0,1,0,0,1,0,1,0,0,1,0,-2,-1,5,0,-5,-1,0,-3,2,-5,-5,2,-3,-3,5,0,0,-5,-4,-4,1,2,33,3,0,1,4,0,5,0,0,13,1,1,26,7,5,0,0,0,0
3,8,81.846,7.6828,74.163,0.2935,81.552,40.734,22.818,44.34,1.0964,46.826,0,0,0,0,0,0,0.63831,0.23662,0.74924,0.2196,1.084,0.31897,2.8,0,0,1,0,0,1,1,0,0,0,1,0,1,0,0,0,1,0,0,0,1,-2,2,-1,-3,-4,4,2,-3,-1,-2,-1,0,-1,4,-4,-1,-1,-3,-2,-1,3,10,2,0,0,22,18,1,1,2,7,4,1,19,0,3,2,0,0,5,16777216,105.08,13.649,91.432,49.24,55.841,59.037,38.731,64.046,42.739,88.947,0.16009,0.45282,0,0,1.4409,0,0.94329,0.29424,1.1741,0.16083,1.3682,0.55521,-3.5,0,1,0,1,0,0,0,1,0,1,0,0,0,1,0,0,1,0,0,1,0,-1,-1,-1,-2,-1,1,0,-4,-3,0,-1,1,2,-2,-1,0,3,-4,-3,3,1,2,2,1,1,6,5,0,0,1,3,9,6,1,3,6,21,0,0,33,0
19,1073741824,163.48,24.115,139.37,78.149,85.334,90.357,69.218,95.398,104.67,80.299,0,0,0,0,0,0,1.5667,0.4636,1.7805,0.43786,2.4164,0.87746,-3.2,0,0,1,0,1,0,0,0,1,1,0,0,0,0,1,0,1,0,0,0,1,1,0,-1,0,-3,2,2,-1,1,0,0,1,0,-2,-2,1,0,-3,-2,0,10,3,1,4,0,11,13,3,5,4,9,10,3,1,0,13,5,0,0,6,4398046511104,61.181,0,61.181,28.32,32.861,31.193,0,38.098,39.014,26.597,1.3596,1.3933,0.30398,0.60796,3.5235,0,0.77514,0.4459,1.0575,0.40258,1.6718,0.25541,-3.9,0,0,1,1,0,0,0,0,1,1,0,0,0,1,0,1,0,0,0,0,1,-2,-2,-2,-3,-4,5,2,-4,-1,-1,-3,0,0,-4,-3,-1,2,-4,-2,2,1,0,0,0,0,38,12,0,1,3,0,5,2,0,1,4,14,0,1,19,0
89,134217728,6.3019,3.9856,2.3163,4.3744,1.9275,4.1776,10.931,2.0249,4.0474,4.5067,0.91827,0.96426,0.89388,0.9497,2.2537,0,0.25262,0.070728,0.26057,0.041973,0.39864,0.17077,-3.5,0,1,0,1,0,0,0,1,0,0,0,1,0,1,0,0,1,0,0,1,0,-6,-5,9,-1,-7,-4,-4,-5,-1,-7,-8,-4,-6,-7,-6,-3,-3,-8,-6,-7,0,0,96,1,0,0,0,0,1,0,0,0,0,0,0,1,1,0,0,0,35184372088832,91.415,91.415,0,45.49,45.925,113.5,113.5,0,119.96,107.73,0,0,0,0,0,0,1.7745,0.20006,0,0,2.0647,1.5108,-0.4,1,0,0,0,1,0,0,0,0,0,0,1,1,0,0,0,1,0,1,0,0,-1,0,0,1,-4,1,1,4,0,-3,-2,-1,-1,-1,-1,0,-1,3,-3,-3,4,7,3,6,0,7,13,34,2,1,3,1,2,3,2,5,2,5,0,1,1
63,2251799813685248,0.1764,0,0.1764,0,0.1764,0.10173,0,0.12394,0,0.11971,2.0709,0.97358,1.3889,0.89846,3.3043,0,0.14639,0.090472,0.088854,0.066254,0.30248,0,4.5,0,1,0,0,0,1,1,0,0,0,1,0,1,0,0,0,1,0,0,1,0,-3,-5,-6,-6,-3,-4,-5,-6,-5,4,5,-5,4,-2,-5,-5,-3,-4,-3,2,0,0,0,0,0,0,0,0,0,22,57,0,9,0,0,0,0,0,0,11,2097152,74.309,8.176,66.133,37.293,37.016,64.449,20.01,88.841,59.794,69.934,0.59215,0.87776,0,0,2.232,0,1.4004,0.64237,2.2437,0.34933,2.5931,0.75124,-0.8,1,0,0,0,1,0,0,0,0,0,0,1,0,0,1,0,1,0,1,0,0,1,0,-2,-2,-3,0,0,-2,-1,-2,-3,2,-2,-4,2,3,1,-4,-2,-2,12,3,0,0,0,4,4,1,1,3,0,16,0,0,8,34,9,0,1,3,1
55,8,177.02,32.739,144.28,19.483,157.54,88.101,97.234,86.262,72.777,90.456,0,0,0,0,0,0,2.0026,1.1447,2.6506,0.94614,4.0829,0.76608,2.8,0,0,1,0,0,1,1,0,0,0,1,0,1,0,0,0,1,0,0,0,1,-2,-2,-3,-4,-3,-2,-3,-3,1,-1,-1,-2,-1,5,-3,-2,-2,2,7,-1,0,0,0,0,0,0,0,0,0,0,0,0,0,27,0,0,0,0,73,0,16777216,127.96,10.503,117.46,85.816,42.146,71.892,29.804,82.277,74.486,67.132,0.39439,0.76881,0,0,2.233,0,0.90167,0.62898,1.3631,0.48086,2.1104,0.25541,-3.5,0,1,0,1,0,0,0,1,0,1,0,0,0,1,0,0,1,0,0,1,0,-2,-1,2,-1,-4,5,0,0,2,-3,-2,2,3,-4,-3,-1,-2,-3,-3,0,2,2,11,1,0,33,3,6,5,0,3,15,9,0,0,2,1,0,0,7,1
74,1e+19,11.751,5.1461,6.605,4.0325,7.7186,10.958,11.879,10.333,12.937,10.148,0.7537,0.95147,0,0,2.2489,0,0.42493,0.18263,0.2187,0,0.68063,0.2187,1.8,1,0,0,0,1,0,0,0,0,1,0,0,1,0,0,0,1,0,1,0,0,3,-1,-1,-2,1,-2,-2,-1,-3,0,-1,0,-2,-2,-3,2,0,-4,-3,1,34,3,3,1,3,0,1,4,0,6,5,5,0,1,0,17,4,0,0,13,32768,65.253,23.347,41.907,22.837,42.417,49.637,64.636,43.955,83.345,40.758,0.24355,0.5446,0,0,1.4613,0,0.885,0.14212,0.83699,0.040462,1.105,0.73665,2.5,0,0,0,0,0,1,1,0,0,0,1,0,1,0,0,0,1,0,0,1,0,-3,-3,-2,2,7,-3,3,-3,-4,-5,-4,-3,-5,-6,6,-2,-3,-6,-5,-3,0,1,2,13,26,0,18,1,0,0,1,0,0,0,37,1,0,0,0,1,1
79,2097152,49.448,8.5438,40.904,9.8902,39.558,42.886,20.91,54.949,15.857,74.736,0.22149,0.49526,0,0,1.3289,0,1.2393,0.3092,1.524,0.18246,1.7065,0.70818,-0.8,1,0,0,0,1,0,0,0,0,0,0,1,0,0,1,0,1,0,1,0,0,1,-1,3,1,-3,0,0,0,3,-3,-4,-1,-1,-4,-2,3,0,-4,-2,-2,10,3,18,9,0,3,3,5,8,1,1,3,2,0,1,26,5,0,1,2,2097152,74.309,8.176,66.133,37.293,37.016,64.449,20.01,88.841,59.794,69.934,0.59215,0.87776,0,0,2.232,0,1.4004,0.64237,2.2437,0.34933,2.5931,0.75124,-0.8,1,0,0,0,1,0,0,0,0,0,0,1,0,0,1,0,1,0,1,0,0,1,0,-2,-2,-3,0,0,-2,-1,-2,-3,2,-2,-4,2,3,1,-4,-2,-2,12,3,0,0,0,4,4,1,1,3,0,16,0,0,8,34,9,0,1,3,1
77,2097152,49.448,8.5438,40.904,9.8902,39.558,42.886,20.91,54.949,15.857,74.736,0.22149,0.49526,0,0,1.3289,0,1.2393,0.3092,1.524,0.18246,1.7065,0.70818,-0.8,1,0,0,0,1,0,0,0,0,0,0,1,0,0,1,0,1,0,1,0,0,1,-1,3,1,-3,0,0,0,3,-3,-4,-1,-1,-4,-2,3,0,-4,-2,-2,10,3,18,9,0,3,3,5,8,1,1,3,2,0,1,26,5,0,1,2,281474976710656,10.991,0,10.991,0,10.991,7.3595,0,9.3134,0,8.9044,1.7476,0.82345,1.3403,1.0236,2.484,0,0.29962,0.092428,0.35478,0.099976,0.478,0.16423,4.2,0,1,0,0,0,1,1,0,0,0,1,0,1,0,0,0,1,0,0,1,0,-3,-5,-6,-6,-3,-5,-5,-6,-6,6,0,-5,-1,0,-5,-4,-2,-5,-3,5,0,0,0,0,0,0,0,0,0,47,3,0,1,3,0,0,0,0,0,46,1
11,2097152,0.3524,0.2992,0.0532,0.3232,0.0292,0.30564,0.73226,0.071467,0.5182,0.055167,0.90028,0.95949,0.70668,0.70668,2.4609,0,0.098159,0.039005,0.082592,0.0028119,0.17739,0.063253,-0.8,1,0,0,0,1,0,0,0,0,0,0,1,0,0,1,0,1,0,1,0,0,2,-1,-2,-3,-2,2,-2,-3,-1,-3,0,-2,0,1,-4,4,0,-3,3,-3,15,3,1,0,0,10,2,1,1,1,8,1,2,5,0,35,3,0,12,0,1,4.4989,4.4859,0.013,4.0998,0.3991,3.3629,13.635,0.012887,19.56,0.35375,0.76244,0.92304,1.2859,0.98049,2.3782,0,0.42461,0.19571,0.24048,0.056149,0.72229,0.19084,1.6,1,0,0,0,1,0,0,1,0,0,0,1,0,0,1,0,1,0,0,1,0,0,-5,-5,-5,-6,-4,-3,-5,-5,-6,-6,-4,-6,-7,8,-1,-3,-7,-6,-5,7,0,0,0,0,0,1,0,0,0,0,0,0,0,86,5,1,0,0,0,0
82,262144,65.764,0.1924,65.571,23.656,42.107,48.147,0.56356,64.003,42.093,52.379,0.71612,0.87212,0,0,2.2426,0,0.70313,0.25059,0.8165,0.24191,1.1484,0.37104,-0.7,1,0,0,0,1,0,0,0,0,0,1,0,0,0,1,0,1,0,1,0,0,-2,1,-1,0,-4,1,2,2,-2,-4,-4,3,-3,-4,-2,1,1,-4,-4,-4,1,8,1,5,0,6,14,15,0,0,1,25,0,0,2,11,10,0,0,0,281474976710656,10.991,0,10.991,0,10.991,7.3595,0,9.3134,0,8.9044,1.7476,0.82345,1.3403,1.0236,2.484,0,0.29962,0.092428,0.35478,0.099976,0.478,0.16423,4.2,0,1,0,0,0,1,1,0,0,0,1,0,1,0,0,0,1,0,0,1,0,-3,-5,-6,-6,-3,-5,-5,-6,-6,6,0,-5,-1,0,-5,-4,-2,-5,-3,5,0,0,0,0,0,0,0,0,0,47,3,0,1,3,0,0,0,0,0,46,1
29,18014398509481984,9.2639,4.0427,5.2212,4.0427,5.2212,5.2082,12.371,3.5961,14.563,3.4785,0.83684,0.89378,0.37919,0.65678,2.4144,0,0.24866,0.15056,0.11763,0.07176,0.49926,0.011638,3.8,0,1,0,0,0,1,1,0,0,1,0,0,1,0,0,0,1,0,0,1,0,-4,-2,-6,-6,-4,-5,-5,-6,-5,3,5,-5,3,1,-5,-5,-4,-1,-3,2,0,2,0,0,0,0,0,0,0,15,60,0,6,5,0,0,0,1,0,11,1e+19,64.002,23.949,40.052,23.949,40.052,59.681,55.285,62.66,76.835,52.659,0.53889,0.66321,0,0,1.4501,0,0.82471,0.13366,0.76608,0,1.0431,0.69429,1.8,1,0,0,0,1,0,0,0,0,1,0,0,1,0,0,0,1,0,1,0,0,0,1,-3,-3,-3,-1,0,-4,-3,4,-1,2,-1,-3,3,-2,-2,-4,-3,1,7,8,0,0,0,1,7,0,0,34,3,19,1,0,14,0,1,0,0,6,0
36,2251799813685248,2.1447,0,2.1447,0,2.1447,1.2369,0,1.5069,0,1.4554,2.3374,1.0418,1.8061,1.1959,3.3602,0,0.033713,0.034414,0,0,0.07978,0,4.5,0,1,0,0,0,1,1,0,0,0,1,0,1,0,0,0,1,0,0,1,0,-3,-6,-6,-6,-4,-5,-6,-6,-6,6,2,-5,1,-2,-6,-5,-2,-5,-4,3,1,0,0,0,0,0,0,0,0,58,14,0,3,1,0,0,2,0,0,22,2251799813685248,0,0,0,0,0,0,0,0,0,0,4.2261,0.59787,4.0952,0.10069,5.3885,3.1001,0.0046004,0.012172,0,0,0.036804,0,4.5,0,1,0,0,0,1,1,0,0,0,1,0,1,0,0,0,1,0,0,1,0,-4,-5,-5,-6,-4,-5,-5,-6,-5,6,3,-5,-1,0,-5,-2,-3,-4,-1,1,0,0,0,0,0,0,0,0,0,62,27,0,0,3,0,3,0,0,2,3,0
78,2097152,49.448,8.5438,40.904,9.8902,39.558,42.886,20.91,54.949,15.857,74.736,0.22149,0.49526,0,0,1.3289,0,1.2393,0.3092,1.524,0.18246,1.7065,0.70818,-0.8,1,0,0,0,1,0,0,0,0,0,0,1,0,0,1,0,1,0,1,0,0,1,-1,3,1,-3,0,0,0,3,-3,-4,-1,-1,-4,-2,3,0,-4,-2,-2,10,3,18,9,0,3,3,5,8,1,1,3,2,0,1,26,5,0,1,2,32768,65.253,23.347,41.907,22.837,42.417,49.637,64.636,43.955,83.345,40.758,0.24355,0.5446,0,0,1.4613,0,0.885,0.14212,0.83699,0.040462,1.105,0.73665,2.5,0,0,0,0,0,1,1,0,0,0,1,0,1,0,0,0,1,0,0,1,0,-3,-3,-2,2,7,-3,3,-3,-4,-5,-4,-3,-5,-6,6,-2,-3,-6,-5,-3,0,1,2,13,26,0,18,1,0,0,1,0,0,0,37,1,0,0,0,1,1
