,res name|_x,total ASA|_x,b-bone ASA|_x,s-chain ASA|_x,polar ASA|_x,n-polar ASA|_x,total RASA|_x,b-bone RASA|_x,s-chain RASA|_x,polar RASA|_x,n-polar RASA|_x,average DPX|_x,s_avg DPX|_x,s-ch avg DPX|_x,s-ch s_avg DPX|_x,max DPX|_x,min DPX|_x,average CX|_x,s_avg CX|_x,s-ch avg CX|_x,s-ch s_avg CX|_x,max CX|_x,min CX|_x,Hydrophobicity|_x,VDWC1_x,VDWC2_x,VDWC3_x,Polar_x,Neutral_x,Hydrophobic_x,Polarityc1_x,Polarityc2_x,Polarityc3_x,Helix_x,Strand_x,Coil_x,Buried_x,Exposed_x,Intermidiate_x,Positive_x,Neutral.1_x,Negative_x,Polarizabillityc1_x,Polarizabillityc2_x,Polarizabillityc3_x,A_x,R_x,N_x,D_x,C_x,Q_x,E_x,G_x,H_x,I_x,L_x,K_x,M_x,F_x,P_x,S_x,T_x,W_x,Y_x,V_x,A.1_x,R.1_x,N.1_x,D.1_x,C.1_x,Q.1_x,E.1_x,G.1_x,H.1_x,I.1_x,L.1_x,K.1_x,M.1_x,F.1_x,P.1_x,S.1_x,T.1_x,W.1_x,Y.1_x,V.1_x,res name|_y,total ASA|_y,b-bone ASA|_y,s-chain ASA|_y,polar ASA|_y,n-polar ASA|_y,total RASA|_y,b-bone RASA|_y,s-chain RASA|_y,polar RASA|_y,n-polar RASA|_y,average DPX|_y,s_avg DPX|_y,s-ch avg DPX|_y,s-ch s_avg DPX|_y,max DPX|_y,min DPX|_y,average CX|_y,s_avg CX|_y,s-ch avg CX|_y,s-ch s_avg CX|_y,max CX|_y,min CX|_y,Hydrophobicity|_y,VDWC1_y,VDWC2_y,VDWC3_y,Polar_y,Neutral_y,Hydrophobic_y,Polarityc1_y,Polarityc2_y,Polarityc3_y,Helix_y,Strand_y,Coil_y,Buried_y,Exposed_y,Intermidiate_y,Positive_y,Neutral.1_y,Negative_y,Polarizabillityc1_y,Polarizabillityc2_y,Polarizabillityc3_y,A_y,R_y,N_y,D_y,C_y,Q_y,E_y,G_y,H_y,I_y,L_y,K_y,M_y,F_y,P_y,S_y,T_y,W_y,Y_y,V_y,A.1_y,R.1_y,N.1_y,D.1_y,C.1_y,Q.1_y,E.1_y,G.1_y,H.1_y,I.1_y,L.1_y,K.1_y,M.1_y,F.1_y,P.1_y,S.1_y,T.1_y,W.1_y,Y.1_y,V.1_y,prediction
39,4398046511104,165.53,24.047,141.48,52.609,112.92,84.39399999999998,67.642,88.103,72.475,91.398,0.16262,0.45996,0.0,0.0,1.4636,0.0,2.6983,1.1502,3.4608,1.0233,4.6324,1.4809,-3.9,0.0,0.0,1.0,1.0,0.0,0.0,0.0,0.0,1.0,1.0,0.0,0.0,0.0,1.0,0.0,1.0,0.0,0.0,0.0,0.0,1.0,1,1,1,-1,-3,1,1,-2,-2,0,0,2,1,-3,-2,1,0,-3,-2,-1,11,10,6,1,0,4,11,1,0,5,8,16,6,0,1,13,5,0,0,3,1073741824,151.1,25.574,125.53,50.32100000000001,100.78,83.514,73.404,85.926,67.4,94.836,0.0,0.0,0.0,0.0,0.0,0.0,1.7849,0.32164,1.9995,0.054316,2.0647,1.1708,-3.2,0.0,0.0,1.0,0.0,1.0,0.0,0.0,0.0,1.0,1.0,0.0,0.0,0.0,0.0,1.0,0.0,1.0,0.0,0.0,0.0,1.0,0,0,2,2,-3,1,1,-1,3,-3,-3,2,-2,-3,-2,2,0,-4,-2,-3,5,0,13,13,0,6,10,0,12,0,0,16,0,0,0,24,0,0,0,0,1.0
7,1,95.726,30.806,64.92,19.136,76.59,71.555,93.636,64.354,91.298,67.887,0.19257,0.4717,0.0,0.0,1.348,0.0,2.332,0.78647,1.8921,0.79459,3.168,1.217,1.6,1.0,0.0,0.0,0.0,1.0,0.0,0.0,1.0,0.0,0.0,0.0,1.0,0.0,0.0,1.0,0.0,1.0,0.0,0.0,1.0,0.0,-2,1,1,-2,-4,1,0,-3,1,-4,-4,6,-3,-4,3,-1,-2,-4,-3,-3,0,0,6,0,0,4,0,0,4,0,0,71,0,0,16,0,0,0,0,0,4398046511104,126.38,0.0,126.38,39.879,86.50200000000002,64.434,0.0,78.69800000000002,54.938,70.014,1.0212,1.1814,0.0,0.0,2.7548,0.0,1.1475,0.7166899999999999,1.5983,0.67867,2.6561,0.46759,-3.9,0.0,0.0,1.0,1.0,0.0,0.0,0.0,0.0,1.0,1.0,0.0,0.0,0.0,1.0,0.0,1.0,0.0,0.0,0.0,0.0,1.0,0,2,-1,-2,-3,1,0,-2,-1,-2,0,3,-1,-2,-2,1,-1,-3,-2,-2,4,14,0,0,0,6,0,0,0,0,18,38,0,0,0,20,0,0,0,0,0.0
44,4398046511104,165.53,24.047,141.48,52.609,112.92,84.39399999999998,67.642,88.103,72.475,91.398,0.16262,0.45996,0.0,0.0,1.4636,0.0,2.6983,1.1502,3.4608,1.0233,4.6324,1.4809,-3.9,0.0,0.0,1.0,1.0,0.0,0.0,0.0,0.0,1.0,1.0,0.0,0.0,0.0,1.0,0.0,1.0,0.0,0.0,0.0,0.0,1.0,1,1,1,-1,-3,1,1,-2,-2,0,0,2,1,-3,-2,1,0,-3,-2,-1,11,10,6,1,0,4,11,1,0,5,8,16,6,0,1,13,5,0,0,3,2097152,77.77199999999998,38.395,39.377,31.77,46.002,67.452,93.966,52.898,50.938,86.911,0.0,0.0,0.0,0.0,0.0,0.0,1.1142,0.25193000000000004,1.4245,0.05638500000000001,1.4809,0.73665,-0.8,1.0,0.0,0.0,0.0,1.0,0.0,0.0,0.0,0.0,0.0,0.0,1.0,0.0,0.0,1.0,0.0,1.0,0.0,1.0,0.0,0.0,0,3,2,2,-3,1,0,0,-1,-3,-3,2,-2,-3,-2,2,0,-4,-2,-3,4,19,9,16,0,5,0,4,0,0,0,20,0,0,0,19,2,0,0,0,1.0
62,2097152,47.002,5.9928,41.00899999999999,19.655,27.347,40.765,14.667,55.09,31.514,51.667,0.64727,0.94761,0.0,0.0,2.3663,0.0,0.77565,0.16463,0.98762,0.07571900000000001,1.0633,0.57877,-0.8,1.0,0.0,0.0,0.0,1.0,0.0,0.0,0.0,0.0,0.0,0.0,1.0,0.0,0.0,1.0,0.0,1.0,0.0,1.0,0.0,0.0,-2,-3,4,5,-4,-2,-1,-3,-3,-5,-5,-2,-4,-5,1,3,-2,-6,-5,-5,2,0,19,43,0,0,2,0,0,0,0,0,0,0,8,25,0,0,0,0,1073741824,95.696,2.6011,93.095,45.109,50.587,52.89100000000001,7.4658,63.724,60.42,47.602,0.12223,0.3667,0.0,0.0,1.2223,0.0,0.78832,0.27246,0.93944,0.2569,1.3682,0.51013,-3.2,0.0,0.0,1.0,0.0,1.0,0.0,0.0,0.0,1.0,1.0,0.0,0.0,0.0,0.0,1.0,0.0,1.0,0.0,0.0,0.0,1.0,2,-1,-1,-2,-2,1,-1,-2,4,-1,-1,-1,-1,-1,-2,1,-1,-2,3,-1,34,0,0,0,0,6,0,0,19,3,5,0,0,0,0,15,0,0,14,4,1.0
40,4398046511104,165.53,24.047,141.48,52.609,112.92,84.39399999999998,67.642,88.103,72.475,91.398,0.16262,0.45996,0.0,0.0,1.4636,0.0,2.6983,1.1502,3.4608,1.0233,4.6324,1.4809,-3.9,0.0,0.0,1.0,1.0,0.0,0.0,0.0,0.0,1.0,1.0,0.0,0.0,0.0,1.0,0.0,1.0,0.0,0.0,0.0,0.0,1.0,1,1,1,-1,-3,1,1,-2,-2,0,0,2,1,-3,-2,1,0,-3,-2,-1,11,10,6,1,0,4,11,1,0,5,8,16,6,0,1,13,5,0,0,3,281474976710656,56.424,5.1754,51.24800000000001,0.0,56.424,37.782,16.519000000000002,43.427,0.0,45.713,0.98966,0.90901,0.50111,0.70868,2.4239,0.0,0.64525,0.10079,0.73443,0.06611399999999999,0.78118,0.48855,4.2,0.0,1.0,0.0,0.0,0.0,1.0,1.0,0.0,0.0,0.0,1.0,0.0,1.0,0.0,0.0,0.0,1.0,0.0,0.0,1.0,0.0,-1,2,-1,-2,-3,0,0,-2,-2,-2,-3,5,-2,-4,-2,0,1,-4,-3,-1,0,5,0,0,0,0,0,0,0,0,0,72,0,0,0,6,9,0,0,8,1.0
12,134217728,1.1557,0.0,1.1557,0.7316,0.4241,0.76613,0.0,1.0103,0.67691,0.99158,1.9436,1.3994,0.68583,0.69202,3.7785,0.0,0.081425,0.054078,0.1192,0.045736,0.19769,0.0,-3.5,0.0,1.0,0.0,1.0,0.0,0.0,0.0,1.0,0.0,0.0,0.0,1.0,0.0,1.0,0.0,0.0,1.0,0.0,0.0,1.0,0.0,-5,-3,8,-2,-6,-3,-3,-3,3,-6,-6,-3,-5,-6,-5,-2,-3,-7,-5,-6,0,0,95,0,0,0,0,0,5,0,0,0,0,0,0,0,0,0,0,0,8589934592,105.66,1.3879,104.28,70.264,35.4,61.601000000000006,3.8822,76.804,69.7,50.056,0.56035,0.82757,0.0,0.0,2.2606,0.0,1.6087,0.91193,2.282,0.68962,3.168,0.70818,-3.5,0.0,1.0,0.0,1.0,0.0,0.0,0.0,1.0,0.0,1.0,0.0,0.0,0.0,1.0,0.0,0.0,0.0,1.0,0.0,1.0,0.0,-2,-1,-1,1,-5,1,6,-3,-1,-4,-4,2,-3,-4,-2,-1,-2,-4,-3,-3,0,0,0,0,0,0,90,0,0,0,0,10,0,0,0,0,0,0,0,0,0.0
30,4096,63.99,24.231,39.76,24.231,39.76,34.256,71.141,26.031,87.634,24.982,0.33562,0.58403,0.0,0.0,1.455,0.0,0.8829799999999999,0.205,0.74453,0.08721,1.3415,0.65395,1.9,0.0,0.0,1.0,0.0,0.0,1.0,1.0,0.0,0.0,1.0,0.0,0.0,0.0,0.0,1.0,0.0,1.0,0.0,0.0,0.0,1.0,0,0,2,1,-1,0,0,0,0,-1,0,0,0,-1,0,0,0,0,-1,0,5,3,14,11,1,3,6,6,1,3,11,4,4,3,3,5,5,2,2,7,2251799813685248,0.1344,0.1344,0.0,0.1337,0.0007,0.07750900000000001,0.43243,0.0,0.51344,0.00047503,1.9607,1.3941,3.21,0.50343,3.7022,0.0,0.10236,0.083571,0.024474,0.020581,0.23312,0.0019112000000000005,4.5,0.0,1.0,0.0,0.0,0.0,1.0,1.0,0.0,0.0,0.0,1.0,0.0,1.0,0.0,0.0,0.0,1.0,0.0,0.0,1.0,0.0,-2,-4,-4,-4,-2,-4,-4,-5,-4,6,1,-4,0,-1,-4,-3,-2,-4,-2,3,0,0,0,0,0,0,0,0,0,91,0,0,0,0,0,0,0,0,0,9,0.0
10,512,35.238,0.5466,34.692,24.804,10.434,16.528,1.6273,19.314,35.81800000000001,7.2476,0.94743,1.0278,0.66502,0.91973,2.5352,0.0,0.34212,0.16577,0.31772,0.1644,0.64093,0.11443,-1.3,0.0,0.0,1.0,0.0,1.0,0.0,1.0,0.0,0.0,0.0,1.0,0.0,0.0,0.0,1.0,0.0,1.0,0.0,0.0,0.0,1.0,-4,-4,0,-5,-4,-2,-4,-5,2,-2,2,-4,1,4,-5,-4,-3,7,6,-3,0,0,5,0,0,2,0,0,4,1,23,0,4,16,0,0,0,16,29,0,2097152,20.516,2.3822,18.134,18.134,2.3822,17.794,5.8302,24.361,29.075,4.5007,1.1059,0.85557,0.69962,0.69962,2.3856,0.0,0.61238,0.10589,0.65656,0.065736,0.73665,0.41767,-0.8,1.0,0.0,0.0,0.0,1.0,0.0,0.0,0.0,0.0,0.0,0.0,1.0,0.0,0.0,1.0,0.0,1.0,0.0,1.0,0.0,0.0,2,-2,-1,-2,-2,-1,0,-2,-2,-1,-2,-1,-1,-3,-2,2,4,-3,-2,0,20,0,0,0,0,0,6,0,0,0,0,0,0,0,0,12,54,0,0,9,0.0
27,512,8.1157,0.0,8.1157,0.025,8.0907,3.8064,0.0,4.5183,0.036101,5.6197,1.8873,1.2447,1.2589,1.0567,3.5092,0.0,0.12561,0.13045,0.053088,0.067742,0.43722,0.0,-1.3,0.0,0.0,1.0,0.0,1.0,0.0,1.0,0.0,0.0,0.0,1.0,0.0,0.0,0.0,1.0,0.0,1.0,0.0,0.0,0.0,1.0,-1,-4,-5,-6,-5,-4,-5,-5,2,-3,-3,-5,-3,6,-5,-4,-4,-1,7,-3,6,0,0,0,0,0,0,0,4,0,0,0,0,41,0,0,0,0,49,0,8589934592,105.66,1.3879,104.28,70.264,35.4,61.601000000000006,3.8822,76.804,69.7,50.056,0.56035,0.82757,0.0,0.0,2.2606,0.0,1.6087,0.91193,2.282,0.68962,3.168,0.70818,-3.5,0.0,1.0,0.0,1.0,0.0,0.0,0.0,1.0,0.0,1.0,0.0,0.0,0.0,1.0,0.0,0.0,0.0,1.0,0.0,1.0,0.0,-2,-1,-1,1,-5,1,6,-3,-1,-4,-4,2,-3,-4,-2,-1,-2,-4,-3,-3,0,0,0,0,0,0,90,0,0,0,0,10,0,0,0,0,0,0,0,0,0.0
6,32768,2.4041,2.4041,0.0,0.8448,1.5593,1.8288,6.6559,0.0,3.0832,1.4983,0.94843,1.0592,2.1825,0.64975,2.8323,0.0,0.12327,0.073287,0.038063,0.036151,0.23312,0.0019112000000000005,2.5,0.0,0.0,0.0,0.0,0.0,1.0,1.0,0.0,0.0,0.0,1.0,0.0,1.0,0.0,0.0,0.0,1.0,0.0,0.0,1.0,0.0,3,-4,-3,-4,3,-3,-3,1,-4,2,0,-3,1,-3,-3,-1,-1,-4,-3,3,31,0,0,0,8,0,0,12,0,10,8,0,3,0,0,1,1,0,0,26,281474976710656,6.2656,4.8761,1.3895,4.8761,1.3895,4.1955,15.564,1.1774,18.819000000000006,1.1257,0.95583,0.90571,1.3364,1.0265,2.4957,0.0,0.25251,0.15489,0.10102,0.018956,0.48855,0.074214,4.2,0.0,1.0,0.0,0.0,0.0,1.0,1.0,0.0,0.0,0.0,1.0,0.0,1.0,0.0,0.0,0.0,1.0,0.0,0.0,1.0,0.0,3,-3,-3,-3,-1,-2,-2,-2,-3,1,-1,-2,0,-2,-2,-1,-1,-4,-2,4,39,0,0,0,0,0,0,0,0,0,0,0,0,0,0,0,0,0,0,61,0.0
56,8,200.57,25.119,175.45,20.401,180.17,99.821,74.604,104.9,76.21,103.45,0.11284,0.35683000000000004,0.0,0.0,1.2412,0.0,2.5959,1.2833,3.3834,0.92764,4.9542,0.9119,2.8,0.0,0.0,1.0,0.0,0.0,1.0,1.0,0.0,0.0,0.0,1.0,0.0,1.0,0.0,0.0,0.0,1.0,0.0,0.0,0.0,1.0,0,-1,-1,0,0,-1,1,-2,0,-1,-2,1,-1,0,4,1,0,-1,-1,-1,7,1,1,4,3,1,12,1,2,3,1,11,1,4,22,11,6,1,1,4,2097152,77.77199999999998,38.395,39.377,31.77,46.002,67.452,93.966,52.898,50.938,86.911,0.0,0.0,0.0,0.0,0.0,0.0,1.1142,0.25193000000000004,1.4245,0.05638500000000001,1.4809,0.73665,-0.8,1.0,0.0,0.0,0.0,1.0,0.0,0.0,0.0,0.0,0.0,0.0,1.0,0.0,0.0,1.0,0.0,1.0,0.0,1.0,0.0,0.0,0,3,2,2,-3,1,0,0,-1,-3,-3,2,-2,-3,-2,2,0,-4,-2,-3,4,19,9,16,0,5,0,4,0,0,0,20,0,0,0,19,2,0,0,0,1.0
25,1,26.563,10.720999999999998,15.841,0.0,26.563,19.855,32.588,15.703,0.0,23.544,0.6994600000000001,0.85469,0.0,0.0,2.2359,0.0,0.69371,0.15939,0.54389,0.079739,0.92961,0.46759,1.6,1.0,0.0,0.0,0.0,1.0,0.0,0.0,1.0,0.0,0.0,0.0,1.0,0.0,0.0,1.0,0.0,1.0,0.0,0.0,1.0,0.0,-2,-2,-3,0,-4,-1,-1,-3,-3,-1,-2,-2,0,-3,7,0,-1,-4,-2,0,2,2,0,5,0,2,3,1,0,4,2,2,2,1,55,6,3,0,2,7,8589934592,43.215,0.4899,42.725,38.648,4.5674,25.194000000000006,1.3703,31.469,38.337,6.4584,0.74435,0.8861,0.30041,0.6008100000000001,2.4409,0.0,0.52849,0.16178,0.47872,0.06517300000000001,0.87746,0.30248,-3.5,0.0,1.0,0.0,1.0,0.0,0.0,0.0,1.0,0.0,1.0,0.0,0.0,0.0,1.0,0.0,0.0,0.0,1.0,0.0,1.0,0.0,1,2,-1,-2,7,1,1,-2,-2,-2,-2,-1,-2,-3,-2,1,0,-3,-3,-2,14,16,0,0,34,6,12,0,0,0,0,0,0,0,0,13,5,0,0,0,0.0
1,18014398509481984,0.4111,0.0,0.4111,0.0,0.4111,0.23112,0.0,0.28315,0.0,0.27388,1.9532,0.85221,1.641,1.0286,2.7106,0.0,0.12098,0.086477,0.043976,0.052403,0.2187,0.0,3.8,0.0,1.0,0.0,0.0,0.0,1.0,1.0,0.0,0.0,1.0,0.0,0.0,1.0,0.0,0.0,0.0,1.0,0.0,0.0,1.0,0.0,-3,-4,-5,-6,3,-4,-5,-5,-5,2,5,-4,1,0,-5,-4,-3,-4,-3,2,0,0,0,0,8,0,0,0,0,7,66,0,2,4,0,0,0,0,0,13,2097152,57.346,20.083,37.26300000000001,25.387,31.958,49.736,49.151,50.057,40.705,60.379,0.24225,0.54168,0.0,0.0,1.4535,0.0,1.0467,0.2777,0.95078,0.15425,1.605,0.7965300000000001,-0.8,1.0,0.0,0.0,0.0,1.0,0.0,0.0,0.0,0.0,0.0,0.0,1.0,0.0,0.0,1.0,0.0,1.0,0.0,1.0,0.0,0.0,-2,-2,0,6,-4,-1,2,-2,-2,-4,-4,-1,-4,-4,-2,2,-1,-5,-4,-4,0,0,0,70,0,0,12,0,0,0,0,0,0,0,0,18,0,0,0,0,0.0
2,281474976710656,7.0597,6.6372,0.4225,6.6372,0.4225,4.7273,21.185,0.35802,25.616,0.3423,1.4888,1.0724,1.3348,1.0212,2.8225,0.0,0.13714,0.08455599999999999,0.049622,0.025885,0.26302,0.016572999999999997,4.2,0.0,1.0,0.0,0.0,0.0,1.0,1.0,0.0,0.0,0.0,1.0,0.0,1.0,0.0,0.0,0.0,1.0,0.0,0.0,1.0,0.0,-3,-5,-5,-5,-3,-5,-5,-6,-5,6,1,-5,1,-2,-2,-4,-3,-5,-3,4,0,0,0,0,0,0,0,0,0,54,8,0,2,0,2,0,0,0,0,35,68719476736,128.19,39.223,88.971,97.697,30.497,88.986,108.5,82.449,103.39,61.522,0.0,0.0,0.0,0.0,0.0,0.0,1.6262,0.54966,1.9484,0.50584,2.4733,0.86069,-3.5,1.0,0.0,0.0,1.0,0.0,0.0,0.0,0.0,0.0,0.0,0.0,1.0,0.0,1.0,0.0,0.0,0.0,1.0,1.0,0.0,0.0,-2,-2,2,6,-4,-1,3,-1,-2,-4,-4,-1,-4,-4,-2,-1,-2,-5,-4,-4,0,0,10,70,0,0,17,3,0,0,0,0,0,0,0,0,0,0,0,0,0.0
47,68719476736,89.42299999999999,8.2684,81.154,56.163,33.26,62.073,22.872,75.205,59.438,67.096,0.3206,0.5557,0.0,0.0,1.3252,0.0,1.5391,0.39682,1.8561,0.061877,1.9352,0.78118,-3.5,1.0,0.0,0.0,1.0,0.0,0.0,0.0,0.0,0.0,0.0,0.0,1.0,0.0,1.0,0.0,0.0,0.0,1.0,1.0,0.0,0.0,-1,-2,3,5,-2,-1,2,-1,1,-4,-4,-1,-4,-4,-2,0,-1,-5,-3,-3,4,0,17,40,1,0,13,4,4,0,1,3,0,0,2,7,4,0,0,1,1073741824,151.1,25.574,125.53,50.32100000000001,100.78,83.514,73.404,85.926,67.4,94.836,0.0,0.0,0.0,0.0,0.0,0.0,1.7849,0.32164,1.9995,0.054316,2.0647,1.1708,-3.2,0.0,0.0,1.0,0.0,1.0,0.0,0.0,0.0,1.0,1.0,0.0,0.0,0.0,0.0,1.0,0.0,1.0,0.0,0.0,0.0,1.0,0,0,2,2,-3,1,1,-1,3,-3,-3,2,-2,-3,-2,2,0,-4,-2,-3,5,0,13,13,0,6,10,0,12,0,0,16,0,0,0,24,0,0,0,0,1.0
55,8,200.57,25.119,175.45,20.401,180.17,99.821,74.604,104.9,76.21,103.45,0.11284,0.35683000000000004,0.0,0.0,1.2412,0.0,2.5959,1.2833,3.3834,0.92764,4.9542,0.9119,2.8,0.0,0.0,1.0,0.0,0.0,1.0,1.0,0.0,0.0,0.0,1.0,0.0,1.0,0.0,0.0,0.0,1.0,0.0,0.0,0.0,1.0,0,-1,-1,0,0,-1,1,-2,0,-1,-2,1,-1,0,4,1,0,-1,-1,-1,7,1,1,4,3,1,12,1,2,3,1,11,1,4,22,11,6,1,1,4,4398046511104,123.79,19.17,104.62,58.215,65.577,63.114,53.925,65.148,80.197,53.078,0.16153,0.45686,0.0,0.0,1.4537,0.0,1.2107,0.3041,1.4023,0.274,1.8944,0.87746,-3.9,0.0,0.0,1.0,1.0,0.0,0.0,0.0,0.0,1.0,1.0,0.0,0.0,0.0,1.0,0.0,1.0,0.0,0.0,0.0,0.0,1.0,-2,5,-1,-1,-4,1,3,-3,-1,-4,-3,3,-2,-4,1,-1,-2,-4,-3,-3,0,52,0,0,0,0,22,0,0,0,0,18,0,0,8,0,0,0,0,0,1.0
14,512,35.238,0.5466,34.692,24.804,10.434,16.528,1.6273,19.314,35.81800000000001,7.2476,0.94743,1.0278,0.66502,0.91973,2.5352,0.0,0.34212,0.16577,0.31772,0.1644,0.64093,0.11443,-1.3,0.0,0.0,1.0,0.0,1.0,0.0,1.0,0.0,0.0,0.0,1.0,0.0,0.0,0.0,1.0,0.0,1.0,0.0,0.0,0.0,1.0,-4,-4,0,-5,-4,-2,-4,-5,2,-2,2,-4,1,4,-5,-4,-3,7,6,-3,0,0,5,0,0,2,0,0,4,1,23,0,4,16,0,0,0,16,29,0,2097152,56.896,6.3491,50.547,24.375,32.521,49.346,15.539,67.903,39.082,61.441,0.0,0.0,0.0,0.0,0.0,0.0,0.7410399999999999,0.18541,0.99465,0.028631,1.0233,0.52115,-0.8,1.0,0.0,0.0,0.0,1.0,0.0,0.0,0.0,0.0,0.0,0.0,1.0,0.0,0.0,1.0,0.0,1.0,0.0,1.0,0.0,0.0,-1,0,1,1,-3,1,4,-2,1,-3,-3,2,-2,-3,-2,1,-1,-3,0,-3,0,0,6,6,0,5,40,0,4,0,0,18,0,0,0,17,0,0,4,0,0.0
60,35184372088832,32.953,32.953,0.0,12.399,20.554,40.915,40.915,0.0,32.697,48.215,0.0,0.0,0.0,0.0,0.0,0.0,0.91838,0.21591,0.0,0.0,1.217,0.66718,-0.4,1.0,0.0,0.0,0.0,1.0,0.0,0.0,0.0,0.0,0.0,0.0,1.0,1.0,0.0,0.0,0.0,1.0,0.0,1.0,0.0,0.0,-1,-2,1,0,-4,-1,-3,5,0,-4,-3,-3,-2,-3,-3,0,1,0,0,-3,2,2,5,5,0,2,0,52,2,0,2,0,1,0,0,7,11,1,5,1,8589934592,43.215,0.4899,42.725,38.648,4.5674,25.194000000000006,1.3703,31.469,38.337,6.4584,0.74435,0.8861,0.30041,0.6008100000000001,2.4409,0.0,0.52849,0.16178,0.47872,0.06517300000000001,0.87746,0.30248,-3.5,0.0,1.0,0.0,1.0,0.0,0.0,0.0,1.0,0.0,1.0,0.0,0.0,0.0,1.0,0.0,0.0,0.0,1.0,0.0,1.0,0.0,1,2,-1,-2,7,1,1,-2,-2,-2,-2,-1,-2,-3,-2,1,0,-3,-3,-2,14,16,0,0,34,6,12,0,0,0,0,0,0,0,0,13,5,0,0,0,1.0
4,4398046511104,119.45,26.009,93.438,53.503,65.945,60.899,73.16199999999998,58.184,73.705,53.375,0.14691,0.41553,0.0,0.0,1.3222,0.0,1.3443,0.14195,1.3812,0.13599,1.605,1.105,-3.9,0.0,0.0,1.0,1.0,0.0,0.0,0.0,0.0,1.0,1.0,0.0,0.0,0.0,1.0,0.0,1.0,0.0,0.0,0.0,0.0,1.0,0,0,2,0,-2,1,1,1,-1,-2,-2,2,0,-2,-1,1,0,-2,-1,-1,4,4,11,3,1,5,10,15,1,2,4,15,3,2,2,11,3,1,2,4,8589934592,137.6,15.696,121.91,84.49799999999998,53.107,80.222,43.904,89.791,83.819,75.094,0.13779,0.38973,0.0,0.0,1.2401,0.0,1.6409,0.62375,2.0295,0.5592600000000001,2.932,0.7965300000000001,-3.5,0.0,1.0,0.0,1.0,0.0,0.0,0.0,1.0,0.0,1.0,0.0,0.0,0.0,1.0,0.0,0.0,0.0,1.0,0.0,1.0,0.0,0,-1,0,3,-3,2,2,-2,-1,0,-2,1,-1,-3,-2,0,0,-4,-2,0,9,0,0,26,0,11,18,0,0,9,0,15,0,0,0,0,5,0,0,8,0.0
42,4398046511104,165.53,24.047,141.48,52.609,112.92,84.39399999999998,67.642,88.103,72.475,91.398,0.16262,0.45996,0.0,0.0,1.4636,0.0,2.6983,1.1502,3.4608,1.0233,4.6324,1.4809,-3.9,0.0,0.0,1.0,1.0,0.0,0.0,0.0,0.0,1.0,1.0,0.0,0.0,0.0,1.0,0.0,1.0,0.0,0.0,0.0,0.0,1.0,1,1,1,-1,-3,1,1,-2,-2,0,0,2,1,-3,-2,1,0,-3,-2,-1,11,10,6,1,0,4,11,1,0,5,8,16,6,0,1,13,5,0,0,3,35184372088832,64.904,64.904,0.0,29.55,35.354,80.586,80.586,0.0,77.92699999999998,82.932,0.0,0.0,0.0,0.0,0.0,0.0,1.4194,0.15522,0.0,0.0,1.605,1.1937,-0.4,1.0,0.0,0.0,0.0,1.0,0.0,0.0,0.0,0.0,0.0,0.0,1.0,1.0,0.0,0.0,0.0,1.0,0.0,1.0,0.0,0.0,-1,-3,-1,-2,-4,-2,-3,6,4,-5,-5,-2,-3,-4,-3,-1,-2,-3,-2,-4,0,0,0,0,0,0,0,84,16,0,0,0,0,0,0,0,0,0,0,0,1.0
13,1,61.89,16.320999999999998,45.569,15.959,45.931,46.262,49.608,45.17100000000001,76.138,40.712,0.42665,0.67476,0.0,0.0,1.5211,0.0,0.6418699999999999,0.19705,0.8407100000000001,0.11343,0.92961,0.40809,1.6,1.0,0.0,0.0,0.0,1.0,0.0,0.0,1.0,0.0,0.0,0.0,1.0,0.0,0.0,1.0,0.0,1.0,0.0,0.0,1.0,0.0,-2,2,-2,-1,-2,0,1,-2,-3,-1,-3,5,-2,-5,3,-2,-2,-5,-4,-4,1,12,0,2,1,3,9,2,0,4,1,46,1,0,16,1,1,0,0,0,2097152,77.77199999999998,38.395,39.377,31.77,46.002,67.452,93.966,52.898,50.938,86.911,0.0,0.0,0.0,0.0,0.0,0.0,1.1142,0.25193000000000004,1.4245,0.05638500000000001,1.4809,0.73665,-0.8,1.0,0.0,0.0,0.0,1.0,0.0,0.0,0.0,0.0,0.0,0.0,1.0,0.0,0.0,1.0,0.0,1.0,0.0,1.0,0.0,0.0,0,3,2,2,-3,1,0,0,-1,-3,-3,2,-2,-3,-2,2,0,-4,-2,-3,4,19,9,16,0,5,0,4,0,0,0,20,0,0,0,19,2,0,0,0,0.0
3,8589934592,65.523,0.4803,65.043,25.453000000000007,40.069,38.199,1.3435,47.90600000000001,25.249,56.659,0.57886,0.87372,0.0,0.0,2.465,0.0,0.5575,0.12616,0.65546,0.08199,0.75124,0.41767,-3.5,0.0,1.0,0.0,1.0,0.0,0.0,0.0,1.0,0.0,1.0,0.0,0.0,0.0,1.0,0.0,0.0,0.0,1.0,0.0,1.0,0.0,0,2,1,2,0,0,2,-2,-2,0,-2,2,-1,-2,-1,-1,-1,-4,-2,-1,6,12,8,13,3,0,19,1,0,7,3,14,2,1,2,3,1,0,1,5,4096,18.854,0.1176,18.736,0.0,18.854,10.093,0.34527,12.267,0.0,11.847,0.83999,0.89684,0.3844,0.66581,2.4204,0.0,0.25689,0.055299,0.24,0.064354,0.3445,0.17077,1.9,0.0,0.0,1.0,0.0,0.0,1.0,1.0,0.0,0.0,1.0,0.0,0.0,0.0,0.0,1.0,0.0,1.0,0.0,0.0,0.0,1.0,1,-1,-3,-3,-2,-1,-2,-3,-2,0,0,1,7,-2,-3,-2,-1,-3,-2,-1,16,0,0,0,0,0,0,0,0,0,0,15,69,0,0,0,0,0,0,0,0.0
21,549755813888,166.02,0.7144,165.31,121.36,44.664,71.251,1.9381,84.27600000000002,82.72,51.754,0.48661,0.82484,0.0,0.0,2.3825,0.0,1.6581,1.3039,2.338,1.1813,4.4841,0.3445,-4.5,0.0,0.0,1.0,1.0,0.0,0.0,0.0,0.0,1.0,1.0,0.0,0.0,0.0,1.0,0.0,1.0,0.0,0.0,0.0,0.0,1.0,0,1,1,-2,-3,-1,-2,-3,-3,-4,-3,3,-1,-4,-3,4,2,-5,-4,-3,5,7,7,0,0,1,0,0,0,0,2,21,1,0,0,46,10,0,0,0,8589934592,137.6,15.696,121.91,84.49799999999998,53.107,80.222,43.904,89.791,83.819,75.094,0.13779,0.38973,0.0,0.0,1.2401,0.0,1.6409,0.62375,2.0295,0.5592600000000001,2.932,0.7965300000000001,-3.5,0.0,1.0,0.0,1.0,0.0,0.0,0.0,1.0,0.0,1.0,0.0,0.0,0.0,1.0,0.0,0.0,0.0,1.0,0.0,1.0,0.0,0,-1,0,3,-3,2,2,-2,-1,0,-2,1,-1,-3,-2,0,0,-4,-2,0,9,0,0,26,0,11,18,0,0,9,0,15,0,0,0,0,5,0,0,8,0.0
18,512,35.238,0.5466,34.692,24.804,10.434,16.528,1.6273,19.314,35.81800000000001,7.2476,0.94743,1.0278,0.66502,0.91973,2.5352,0.0,0.34212,0.16577,0.31772,0.1644,0.64093,0.11443,-1.3,0.0,0.0,1.0,0.0,1.0,0.0,1.0,0.0,0.0,0.0,1.0,0.0,0.0,0.0,1.0,0.0,1.0,0.0,0.0,0.0,1.0,-4,-4,0,-5,-4,-2,-4,-5,2,-2,2,-4,1,4,-5,-4,-3,7,6,-3,0,0,5,0,0,2,0,0,4,1,23,0,4,16,0,0,0,16,29,0,8,51.361,1.2228,50.13800000000001,1.2228,50.13800000000001,25.562,3.6317,29.976,4.5678,28.789,0.47608,0.8252,0.0,0.0,2.4743,0.0,0.63131,0.28984,0.82478,0.16529000000000002,1.084,0.24046,2.8,0.0,0.0,1.0,0.0,0.0,1.0,1.0,0.0,0.0,0.0,1.0,0.0,1.0,0.0,0.0,0.0,1.0,0.0,0.0,0.0,1.0,-2,0,-3,-4,-2,-2,-3,-4,1,1,3,-2,2,3,-3,-3,-2,-2,0,1,0,8,0,0,0,0,0,0,5,4,51,0,8,18,0,0,0,0,0,5,0.0
59,35184372088832,32.953,32.953,0.0,12.399,20.554,40.915,40.915,0.0,32.697,48.215,0.0,0.0,0.0,0.0,0.0,0.0,0.91838,0.21591,0.0,0.0,1.217,0.66718,-0.4,1.0,0.0,0.0,0.0,1.0,0.0,0.0,0.0,0.0,0.0,0.0,1.0,1.0,0.0,0.0,0.0,1.0,0.0,1.0,0.0,0.0,-1,-2,1,0,-4,-1,-3,5,0,-4,-3,-3,-2,-3,-3,0,1,0,0,-3,2,2,5,5,0,2,0,52,2,0,2,0,1,0,0,7,11,1,5,1,16777216,15.91,0.0,15.91,12.494000000000002,3.4162,8.9388,0.0,11.145,10.844,5.4415,1.1216,0.8831100000000001,0.55174,0.68286,2.4342,0.0,0.6178899999999999,0.14869000000000002,0.55584,0.031802,0.98474,0.45733,-3.5,0.0,1.0,0.0,1.0,0.0,0.0,0.0,1.0,0.0,1.0,0.0,0.0,0.0,1.0,0.0,0.0,1.0,0.0,0.0,1.0,0.0,-1,0,0,1,-3,2,3,0,-1,-1,-2,2,-2,-3,-1,1,-1,-3,-2,-2,1,0,0,5,0,12,34,6,0,9,1,17,0,0,0,12,0,0,0,1,1.0
53,68719476736,89.42299999999999,8.2684,81.154,56.163,33.26,62.073,22.872,75.205,59.438,67.096,0.3206,0.5557,0.0,0.0,1.3252,0.0,1.5391,0.39682,1.8561,0.061877,1.9352,0.78118,-3.5,1.0,0.0,0.0,1.0,0.0,0.0,0.0,0.0,0.0,0.0,0.0,1.0,0.0,1.0,0.0,0.0,0.0,1.0,1.0,0.0,0.0,-1,-2,3,5,-2,-1,2,-1,1,-4,-4,-1,-4,-4,-2,0,-1,-5,-3,-3,4,0,17,40,1,0,13,4,4,0,1,3,0,0,2,7,4,0,0,1,10000000000000000000,53.293,39.016,14.277,27.639,25.654,49.695,90.064,22.335,88.671,33.728,0.2464,0.4928,0.0,0.0,1.232,0.0,0.94669,0.1842,0.69429,0.0,1.2408,0.69429,1.8,1.0,0.0,0.0,0.0,1.0,0.0,0.0,0.0,0.0,1.0,0.0,0.0,1.0,0.0,0.0,0.0,1.0,0.0,1.0,0.0,0.0,2,4,-1,-2,-3,2,-1,-2,-1,-2,-2,2,2,-3,0,-1,-1,-3,-2,-2,26,38,0,0,0,9,0,0,0,0,0,14,10,0,3,0,0,0,0,0,1.0
63,2251799813685248,38.286,0.0,38.286,0.0,38.286,22.079,0.0,26.899,0.0,25.981,1.6204,1.3602,0.38194,0.66155,3.5506,0.0,0.36101,0.13052,0.36993,0.14352,0.57877,0.21161,4.5,0.0,1.0,0.0,0.0,0.0,1.0,1.0,0.0,0.0,0.0,1.0,0.0,1.0,0.0,0.0,0.0,1.0,0.0,0.0,1.0,0.0,-3,-5,-5,-5,-3,-4,-5,-5,-5,7,1,-4,-1,-1,-4,-4,0,-4,-3,2,1,0,0,0,0,0,0,0,0,71,6,0,0,2,0,0,5,0,0,13,1073741824,95.696,2.6011,93.095,45.109,50.587,52.89100000000001,7.4658,63.724,60.42,47.602,0.12223,0.3667,0.0,0.0,1.2223,0.0,0.78832,0.27246,0.93944,0.2569,1.3682,0.51013,-3.2,0.0,0.0,1.0,0.0,1.0,0.0,0.0,0.0,1.0,1.0,0.0,0.0,0.0,0.0,1.0,0.0,1.0,0.0,0.0,0.0,1.0,2,-1,-1,-2,-2,1,-1,-2,4,-1,-1,-1,-1,-1,-2,1,-1,-2,3,-1,34,0,0,0,0,6,0,0,19,3,5,0,0,0,0,15,0,0,14,4,1.0
33,4398046511104,138.05,11.619000000000002,126.43,51.694,86.359,70.385,32.684,78.73100000000002,71.214,69.898,0.16179000000000002,0.45762,0.0,0.0,1.4562,0.0,1.3602,0.52504,1.6977,0.46277,2.4733,0.65395,-3.9,0.0,0.0,1.0,1.0,0.0,0.0,0.0,0.0,1.0,1.0,0.0,0.0,0.0,1.0,0.0,1.0,0.0,0.0,0.0,0.0,1.0,1,1,0,0,-3,2,1,-3,0,-3,-2,4,1,-4,-3,1,0,-4,-1,-2,11,5,3,4,0,8,8,0,2,0,2,31,5,0,0,13,5,0,1,1,4398046511104,171.4,18.919,152.48,59.37,112.03,87.389,53.219,94.953,81.789,90.679,0.0,0.0,0.0,0.0,0.0,0.0,2.5189,0.8012199999999999,3.0638,0.69426,4.3435,1.7065,-3.9,0.0,0.0,1.0,1.0,0.0,0.0,0.0,0.0,1.0,1.0,0.0,0.0,0.0,1.0,0.0,1.0,0.0,0.0,0.0,0.0,1.0,-1,0,3,0,-3,0,1,3,-1,-3,-3,2,-2,-3,-2,1,-1,-3,-2,-3,1,0,24,0,0,0,10,30,0,0,1,18,0,0,0,11,1,0,0,1,1.0
17,18014398509481984,19.244,13.414,5.8295,13.414,5.8295,10.819,41.047,4.0151,48.322,3.8837,0.83978,0.8983,0.38329,0.66388,2.4311,0.0,0.25296,0.079206,0.18581,0.045162,0.36208,0.12042,3.8,0.0,1.0,0.0,0.0,0.0,1.0,1.0,0.0,0.0,1.0,0.0,0.0,1.0,0.0,0.0,0.0,1.0,0.0,0.0,1.0,0.0,-4,-5,-6,-6,-4,-5,-5,-6,-2,2,6,-5,0,-1,-5,-5,-3,-4,-3,-1,0,0,0,0,0,0,0,0,1,10,88,0,0,2,0,0,0,0,0,0,2097152,29.007,1.4816,27.526,20.668000000000006,8.3392,25.158,3.626,36.977,33.138000000000005,15.755,0.59675,0.88451,0.0,0.0,2.249,0.0,0.71449,0.29178000000000004,1.0852,0.15561,1.2408,0.40809,-0.8,1.0,0.0,0.0,0.0,1.0,0.0,0.0,0.0,0.0,0.0,0.0,1.0,0.0,0.0,1.0,0.0,1.0,0.0,1.0,0.0,0.0,1,5,-1,-2,-3,0,-1,-2,-1,-3,-3,2,-2,-3,-2,2,-1,-4,-2,-3,11,55,0,0,0,0,0,0,0,0,0,9,0,0,0,26,0,0,0,0,0.0
45,68719476736,89.42299999999999,8.2684,81.154,56.163,33.26,62.073,22.872,75.205,59.438,67.096,0.3206,0.5557,0.0,0.0,1.3252,0.0,1.5391,0.39682,1.8561,0.061877,1.9352,0.78118,-3.5,1.0,0.0,0.0,1.0,0.0,0.0,0.0,0.0,0.0,0.0,0.0,1.0,0.0,1.0,0.0,0.0,0.0,1.0,1.0,0.0,0.0,-1,-2,3,5,-2,-1,2,-1,1,-4,-4,-1,-4,-4,-2,0,-1,-5,-3,-3,4,0,17,40,1,0,13,4,4,0,1,3,0,0,2,7,4,0,0,1,8589934592,79.33,4.2662,75.064,64.10300000000001,15.228,46.249,11.933,55.288,63.588,21.533,0.5423899999999999,0.80547,0.0,0.0,2.2292,0.0,1.564,0.40352,1.7958,0.3797,2.4733,1.0431,-3.5,0.0,1.0,0.0,1.0,0.0,0.0,0.0,1.0,0.0,1.0,0.0,0.0,0.0,1.0,0.0,0.0,0.0,1.0,0.0,1.0,0.0,-2,-2,0,6,-4,1,3,-2,-2,-4,-4,-1,-4,-4,-2,-1,-2,-5,-4,-4,0,0,0,77,0,5,18,0,0,0,0,0,0,0,0,0,0,0,0,0,1.0
38,10000000000000000000,59.182,16.762999999999998,42.419,4.2625,54.919,55.18600000000001,38.696,66.362,13.675,72.205,0.0,0.0,0.0,0.0,0.0,0.0,0.73522,0.087027,0.60306,0.0,0.87746,0.60306,1.8,1.0,0.0,0.0,0.0,1.0,0.0,0.0,0.0,0.0,1.0,0.0,0.0,1.0,0.0,0.0,0.0,1.0,0.0,1.0,0.0,0.0,-1,2,0,3,-4,1,3,-2,0,-3,-1,0,-1,-4,-3,1,-1,-4,-3,-3,5,12,4,21,0,4,25,2,2,0,8,4,2,0,0,8,4,0,0,1,2097152,56.896,6.3491,50.547,24.375,32.521,49.346,15.539,67.903,39.082,61.441,0.0,0.0,0.0,0.0,0.0,0.0,0.7410399999999999,0.18541,0.99465,0.028631,1.0233,0.52115,-0.8,1.0,0.0,0.0,0.0,1.0,0.0,0.0,0.0,0.0,0.0,0.0,1.0,0.0,0.0,1.0,0.0,1.0,0.0,1.0,0.0,0.0,-1,0,1,1,-3,1,4,-2,1,-3,-3,2,-2,-3,-2,1,-1,-3,0,-3,0,0,6,6,0,5,40,0,4,0,0,18,0,0,0,17,0,0,4,0,1.0
26,64,23.827,3.8868,19.94,8.5302,15.297,9.923,11.956,9.6046,15.826,8.2144,0.8498399999999999,0.90896,0.7961,0.8487,2.4234,0.0,0.31037,0.18908,0.20566,0.079666,0.75124,0.096829,-0.9,0.0,0.0,1.0,0.0,0.0,1.0,1.0,0.0,0.0,0.0,1.0,0.0,1.0,0.0,0.0,0.0,1.0,0.0,0.0,0.0,1.0,-4,-4,-5,-6,-1,-4,-5,-6,-5,1,5,-5,4,-1,-5,-3,-3,5,-3,0,0,0,0,0,1,0,0,0,0,4,66,0,12,1,0,1,0,9,0,5,18014398509481984,31.72,1.816,29.904,0.0,31.72,17.833,5.5569,20.597,0.0,21.133000000000006,1.0082,0.82186,0.7583,0.75842,2.2457,0.0,0.40976,0.095854,0.38487,0.11743,0.57877,0.27072,3.8,0.0,1.0,0.0,0.0,0.0,1.0,1.0,0.0,0.0,1.0,0.0,0.0,1.0,0.0,0.0,0.0,1.0,0.0,0.0,1.0,0.0,-1,-1,-3,-3,-2,-2,-3,-3,-3,3,2,-1,1,3,-3,-2,-1,-2,0,2,3,5,0,0,0,0,0,0,0,24,28,5,0,17,0,0,0,0,0,15,0.0
31,10000000000000000000,0.8007,0.8007,0.0,0.1672,0.6335,0.74664,1.8483,0.0,0.53641,0.8329,1.2946,1.1125,2.5176,0.0,2.5176,0.0,0.34199,0.059722,0.25541,0.0,0.40809,0.25541,1.8,1.0,0.0,0.0,0.0,1.0,0.0,0.0,0.0,0.0,1.0,0.0,0.0,1.0,0.0,0.0,0.0,1.0,0.0,1.0,0.0,0.0,0,-3,-1,-3,2,-3,-3,-4,-3,1,-2,-3,1,-3,-3,0,5,-4,1,2,6,0,2,0,5,0,0,0,0,8,0,0,4,0,0,2,47,0,6,20,16777216,62.569,1.8398,60.729,25.275,37.294,35.153,5.2208,42.539,21.938,59.405,0.5765399999999999,0.8681200000000001,0.0,0.0,2.4379,0.0,0.49681,0.22086,0.68125,0.099384,0.81215,0.22587,-3.5,0.0,1.0,0.0,1.0,0.0,0.0,0.0,1.0,0.0,1.0,0.0,0.0,0.0,1.0,0.0,0.0,1.0,0.0,0.0,1.0,0.0,0,0,-1,-2,-2,2,0,-2,-1,1,0,3,2,-2,-2,-1,-1,-3,-2,0,9,0,0,0,0,18,0,0,0,11,8,35,9,0,0,0,0,0,0,7,0.0
64,18014398509481984,19.244,13.414,5.8295,13.414,5.8295,10.819,41.047,4.0151,48.322,3.8837,0.83978,0.8983,0.38329,0.66388,2.4311,0.0,0.25296,0.079206,0.18581,0.045162,0.36208,0.12042,3.8,0.0,1.0,0.0,0.0,0.0,1.0,1.0,0.0,0.0,1.0,0.0,0.0,1.0,0.0,0.0,0.0,1.0,0.0,0.0,1.0,0.0,-4,-5,-6,-6,-4,-5,-5,-6,-2,2,6,-5,0,-1,-5,-5,-3,-4,-3,-1,0,0,0,0,0,0,0,0,1,10,88,0,0,2,0,0,0,0,0,0,1073741824,95.696,2.6011,93.095,45.109,50.587,52.89100000000001,7.4658,63.724,60.42,47.602,0.12223,0.3667,0.0,0.0,1.2223,0.0,0.78832,0.27246,0.93944,0.2569,1.3682,0.51013,-3.2,0.0,0.0,1.0,0.0,1.0,0.0,0.0,0.0,1.0,1.0,0.0,0.0,0.0,0.0,1.0,0.0,1.0,0.0,0.0,0.0,1.0,2,-1,-1,-2,-2,1,-1,-2,4,-1,-1,-1,-1,-1,-2,1,-1,-2,3,-1,34,0,0,0,0,6,0,0,19,3,5,0,0,0,0,15,0,0,14,4,1.0
36,4398046511104,138.05,11.619000000000002,126.43,51.694,86.359,70.385,32.684,78.73100000000002,71.214,69.898,0.16179000000000002,0.45762,0.0,0.0,1.4562,0.0,1.3602,0.52504,1.6977,0.46277,2.4733,0.65395,-3.9,0.0,0.0,1.0,1.0,0.0,0.0,0.0,0.0,1.0,1.0,0.0,0.0,0.0,1.0,0.0,1.0,0.0,0.0,0.0,0.0,1.0,1,1,0,0,-3,2,1,-3,0,-3,-2,4,1,-4,-3,1,0,-4,-1,-2,11,5,3,4,0,8,8,0,2,0,2,31,5,0,0,13,5,0,1,1,2097152,56.896,6.3491,50.547,24.375,32.521,49.346,15.539,67.903,39.082,61.441,0.0,0.0,0.0,0.0,0.0,0.0,0.7410399999999999,0.18541,0.99465,0.028631,1.0233,0.52115,-0.8,1.0,0.0,0.0,0.0,1.0,0.0,0.0,0.0,0.0,0.0,0.0,1.0,0.0,0.0,1.0,0.0,1.0,0.0,1.0,0.0,0.0,-1,0,1,1,-3,1,4,-2,1,-3,-3,2,-2,-3,-2,1,-1,-3,0,-3,0,0,6,6,0,5,40,0,4,0,0,18,0,0,0,17,0,0,4,0,1.0
15,18014398509481984,19.244,13.414,5.8295,13.414,5.8295,10.819,41.047,4.0151,48.322,3.8837,0.83978,0.8983,0.38329,0.66388,2.4311,0.0,0.25296,0.079206,0.18581,0.045162,0.36208,0.12042,3.8,0.0,1.0,0.0,0.0,0.0,1.0,1.0,0.0,0.0,1.0,0.0,0.0,1.0,0.0,0.0,0.0,1.0,0.0,0.0,1.0,0.0,-4,-5,-6,-6,-4,-5,-5,-6,-2,2,6,-5,0,-1,-5,-5,-3,-4,-3,-1,0,0,0,0,0,0,0,0,1,10,88,0,0,2,0,0,0,0,0,0,4096,18.854,0.1176,18.736,0.0,18.854,10.093,0.34527,12.267,0.0,11.847,0.83999,0.89684,0.3844,0.66581,2.4204,0.0,0.25689,0.055299,0.24,0.064354,0.3445,0.17077,1.9,0.0,0.0,1.0,0.0,0.0,1.0,1.0,0.0,0.0,1.0,0.0,0.0,0.0,0.0,1.0,0.0,1.0,0.0,0.0,0.0,1.0,1,-1,-3,-3,-2,-1,-2,-3,-2,0,0,1,7,-2,-3,-2,-1,-3,-2,-1,16,0,0,0,0,0,0,0,0,0,0,15,69,0,0,0,0,0,0,0,0.0
11,18014398509481984,13.039,4.2374,8.8011,0.2271,12.811,7.3304,12.966,6.0618,0.81808,8.5352,0.49722,0.8892,0.0,0.0,2.4316,0.0,0.25087,0.061589,0.20538,0.030315,0.36208,0.15775999999999998,3.8,0.0,1.0,0.0,0.0,0.0,1.0,1.0,0.0,0.0,1.0,0.0,0.0,1.0,0.0,0.0,0.0,1.0,0.0,0.0,1.0,0.0,-4,-4,-6,-6,-4,-4,-5,-6,-5,1,6,-5,5,-2,-5,-5,-3,-4,-3,-1,0,0,0,0,0,0,0,0,0,6,80,0,14,0,0,0,0,0,0,0,8589934592,79.33,4.2662,75.064,64.10300000000001,15.228,46.249,11.933,55.288,63.588,21.533,0.5423899999999999,0.80547,0.0,0.0,2.2292,0.0,1.564,0.40352,1.7958,0.3797,2.4733,1.0431,-3.5,0.0,1.0,0.0,1.0,0.0,0.0,0.0,1.0,0.0,1.0,0.0,0.0,0.0,1.0,0.0,0.0,0.0,1.0,0.0,1.0,0.0,-2,-2,0,6,-4,1,3,-2,-2,-4,-4,-1,-4,-4,-2,-1,-2,-5,-4,-4,0,0,0,77,0,5,18,0,0,0,0,0,0,0,0,0,0,0,0,0,0.0
58,35184372088832,32.953,32.953,0.0,12.399,20.554,40.915,40.915,0.0,32.697,48.215,0.0,0.0,0.0,0.0,0.0,0.0,0.91838,0.21591,0.0,0.0,1.217,0.66718,-0.4,1.0,0.0,0.0,0.0,1.0,0.0,0.0,0.0,0.0,0.0,0.0,1.0,1.0,0.0,0.0,0.0,1.0,0.0,1.0,0.0,0.0,-1,-2,1,0,-4,-1,-3,5,0,-4,-3,-3,-2,-3,-3,0,1,0,0,-3,2,2,5,5,0,2,0,52,2,0,2,0,1,0,0,7,11,1,5,1,1073741824,151.1,25.574,125.53,50.32100000000001,100.78,83.514,73.404,85.926,67.4,94.836,0.0,0.0,0.0,0.0,0.0,0.0,1.7849,0.32164,1.9995,0.054316,2.0647,1.1708,-3.2,0.0,0.0,1.0,0.0,1.0,0.0,0.0,0.0,1.0,1.0,0.0,0.0,0.0,0.0,1.0,0.0,1.0,0.0,0.0,0.0,1.0,0,0,2,2,-3,1,1,-1,3,-3,-3,2,-2,-3,-2,2,0,-4,-2,-3,5,0,13,13,0,6,10,0,12,0,0,16,0,0,0,24,0,0,0,0,1.0
22,10000000000000000000,60.864,11.888,48.977,3.5789,57.286,56.755,27.441,76.622,11.482,75.316,0.0,0.0,0.0,0.0,0.0,0.0,0.78747,0.14854,1.0038,0.0,1.0038,0.59082,1.8,1.0,0.0,0.0,0.0,1.0,0.0,0.0,0.0,0.0,1.0,0.0,0.0,1.0,0.0,0.0,0.0,1.0,0.0,1.0,0.0,0.0,0,1,-2,1,-1,2,4,-3,-1,-3,0,1,1,-3,-3,-1,-1,-4,-1,-2,9,8,0,8,2,7,33,0,1,0,13,8,6,0,0,1,2,0,2,0,18014398509481984,1.4581,1.4581,0.0,0.0,1.4581,0.81976,4.4618,0.0,0.0,0.97142,1.7068,1.3097,2.7766,0.8571700000000001,3.8689,0.0,0.25031,0.12683,0.14006,0.08311,0.39864,0.0,3.8,0.0,1.0,0.0,0.0,0.0,1.0,1.0,0.0,0.0,1.0,0.0,0.0,1.0,0.0,0.0,0.0,1.0,0.0,0.0,1.0,0.0,-2,-3,-4,-4,-2,-3,-4,-4,-4,4,4,-3,1,0,-4,-3,-2,-3,-2,1,0,0,0,0,0,0,0,0,0,32,64,0,0,0,0,0,0,0,0,4,0.0
23,35184372088832,43.14,43.14,0.0,7.5782,35.562,53.56399999999999,53.56399999999999,0.0,19.985,83.42,0.0,0.0,0.0,0.0,0.0,0.0,0.53943,0.082286,0.0,0.0,0.66718,0.45733,-0.4,1.0,0.0,0.0,0.0,1.0,0.0,0.0,0.0,0.0,0.0,0.0,1.0,1.0,0.0,0.0,0.0,1.0,0.0,1.0,0.0,0.0,-2,-3,2,1,-4,-2,-3,6,-3,-5,-2,0,-4,-3,-4,-1,-3,-4,-2,-4,0,0,10,8,0,1,0,64,0,0,5,7,0,1,0,3,0,0,1,1,2097152,20.516,2.3822,18.134,18.134,2.3822,17.794,5.8302,24.361,29.075,4.5007,1.1059,0.85557,0.69962,0.69962,2.3856,0.0,0.61238,0.10589,0.65656,0.065736,0.73665,0.41767,-0.8,1.0,0.0,0.0,0.0,1.0,0.0,0.0,0.0,0.0,0.0,0.0,1.0,0.0,0.0,1.0,0.0,1.0,0.0,1.0,0.0,0.0,2,-2,-1,-2,-2,-1,0,-2,-2,-1,-2,-1,-1,-3,-2,2,4,-3,-2,0,20,0,0,0,0,0,6,0,0,0,0,0,0,0,0,12,54,0,0,9,0.0
16,1,0.6056,0.0,0.6056,0.0,0.6056,0.45268,0.0,0.60032,0.0,0.53678,1.5648,1.1051,0.50889,0.71968,3.0107,0.0,0.028646,0.039845,0.018141,0.024317,0.11443,0.0,1.6,1.0,0.0,0.0,0.0,1.0,0.0,0.0,1.0,0.0,0.0,0.0,1.0,0.0,0.0,1.0,0.0,1.0,0.0,0.0,1.0,0.0,-4,-5,-5,-5,0,-4,-4,-5,-5,-6,-6,-4,-1,-7,9,-4,-4,-7,-6,-5,0,0,0,0,2,0,0,0,0,0,0,0,2,0,96,0,0,0,0,0,4398046511104,171.4,18.919,152.48,59.37,112.03,87.389,53.219,94.953,81.789,90.679,0.0,0.0,0.0,0.0,0.0,0.0,2.5189,0.8012199999999999,3.0638,0.69426,4.3435,1.7065,-3.9,0.0,0.0,1.0,1.0,0.0,0.0,0.0,0.0,1.0,1.0,0.0,0.0,0.0,1.0,0.0,1.0,0.0,0.0,0.0,0.0,1.0,-1,0,3,0,-3,0,1,3,-1,-3,-3,2,-2,-3,-2,1,-1,-3,-2,-3,1,0,24,0,0,0,10,30,0,0,1,18,0,0,0,11,1,0,0,1,0.0
54,1073741824,77.285,15.418,61.867,38.79,38.495,42.715,44.254,42.348,51.956,36.224,0.52617,0.84795,0.63421,0.95079,2.4492,0.0,0.83004,0.17094,0.78292,0.1555,1.1484,0.51013,-3.2,0.0,0.0,1.0,0.0,1.0,0.0,0.0,0.0,1.0,1.0,0.0,0.0,0.0,0.0,1.0,0.0,1.0,0.0,0.0,0.0,1.0,-1,-3,-1,-2,-4,-1,0,-1,3,-3,0,-1,-3,-4,6,-1,-2,-4,-3,-3,4,0,3,2,0,1,6,5,8,0,10,4,0,0,50,3,2,0,0,1,1073741824,151.1,25.574,125.53,50.32100000000001,100.78,83.514,73.404,85.926,67.4,94.836,0.0,0.0,0.0,0.0,0.0,0.0,1.7849,0.32164,1.9995,0.054316,2.0647,1.1708,-3.2,0.0,0.0,1.0,0.0,1.0,0.0,0.0,0.0,1.0,1.0,0.0,0.0,0.0,0.0,1.0,0.0,1.0,0.0,0.0,0.0,1.0,0,0,2,2,-3,1,1,-1,3,-3,-3,2,-2,-3,-2,2,0,-4,-2,-3,5,0,13,13,0,6,10,0,12,0,0,16,0,0,0,24,0,0,0,0,1.0
19,16777216,16.779,1.3123,15.467,16.434,0.3446,9.427,3.7239,10.834,14.265,0.5489,0.71527,0.86697,0.24542,0.49084,2.4565,0.0,0.24818,0.07802100000000001,0.27671,0.090798,0.4472100000000001,0.16423,-3.5,0.0,1.0,0.0,1.0,0.0,0.0,0.0,1.0,0.0,1.0,0.0,0.0,0.0,1.0,0.0,0.0,1.0,0.0,0.0,1.0,0.0,-2,0,1,-3,2,5,-1,-4,-2,2,0,0,0,-2,0,-2,-2,-4,-3,0,0,5,9,0,6,36,0,0,0,13,10,6,3,2,5,0,0,0,0,6,35184372088832,3.1799,3.1799,0.0,1.1192,2.0607,3.9482,3.9482,0.0,2.9515,4.8339,0.3336,0.57781,0.0,0.0,1.3344,0.0,0.7145699999999999,0.07065,0.0,0.0,0.81215,0.64093,-0.4,1.0,0.0,0.0,0.0,1.0,0.0,0.0,0.0,0.0,0.0,0.0,1.0,1.0,0.0,0.0,0.0,1.0,0.0,1.0,0.0,0.0,1,-2,-1,2,-3,-1,1,3,-2,-2,0,-1,1,-2,1,-1,-1,-3,-3,-2,15,0,0,15,0,0,15,28,0,0,11,0,9,0,8,0,0,0,0,0,0.0
51,68719476736,89.42299999999999,8.2684,81.154,56.163,33.26,62.073,22.872,75.205,59.438,67.096,0.3206,0.5557,0.0,0.0,1.3252,0.0,1.5391,0.39682,1.8561,0.061877,1.9352,0.78118,-3.5,1.0,0.0,0.0,1.0,0.0,0.0,0.0,0.0,0.0,0.0,0.0,1.0,0.0,1.0,0.0,0.0,0.0,1.0,1.0,0.0,0.0,-1,-2,3,5,-2,-1,2,-1,1,-4,-4,-1,-4,-4,-2,0,-1,-5,-3,-3,4,0,17,40,1,0,13,4,4,0,1,3,0,0,2,7,4,0,0,1,1073741824,95.696,2.6011,93.095,45.109,50.587,52.89100000000001,7.4658,63.724,60.42,47.602,0.12223,0.3667,0.0,0.0,1.2223,0.0,0.78832,0.27246,0.93944,0.2569,1.3682,0.51013,-3.2,0.0,0.0,1.0,0.0,1.0,0.0,0.0,0.0,1.0,1.0,0.0,0.0,0.0,0.0,1.0,0.0,1.0,0.0,0.0,0.0,1.0,2,-1,-1,-2,-2,1,-1,-2,4,-1,-1,-1,-1,-1,-2,1,-1,-2,3,-1,34,0,0,0,0,6,0,0,19,3,5,0,0,0,0,15,0,0,14,4,1.0
20,512,3.0086,0.0644,2.9442,1.8975,1.1111,1.4111,0.19172,1.6391,2.7401,0.77176,1.0497,0.9607,0.94569,1.0098,2.3998,0.0,0.10995,0.12896,0.022904,0.034376,0.3445,0.0,-1.3,0.0,0.0,1.0,0.0,1.0,0.0,1.0,0.0,0.0,0.0,1.0,0.0,0.0,0.0,1.0,0.0,1.0,0.0,0.0,0.0,1.0,-5,-5,-5,-6,-6,-5,-5,-6,-1,-4,-4,-5,-4,3,-6,-5,-5,-1,9,-4,0,0,0,0,0,0,0,0,0,0,0,0,0,10,0,0,0,0,90,0,1073741824,151.1,25.574,125.53,50.32100000000001,100.78,83.514,73.404,85.926,67.4,94.836,0.0,0.0,0.0,0.0,0.0,0.0,1.7849,0.32164,1.9995,0.054316,2.0647,1.1708,-3.2,0.0,0.0,1.0,0.0,1.0,0.0,0.0,0.0,1.0,1.0,0.0,0.0,0.0,0.0,1.0,0.0,1.0,0.0,0.0,0.0,1.0,0,0,2,2,-3,1,1,-1,3,-3,-3,2,-2,-3,-2,2,0,-4,-2,-3,5,0,13,13,0,6,10,0,12,0,0,16,0,0,0,24,0,0,0,0,0.0
48,68719476736,89.42299999999999,8.2684,81.154,56.163,33.26,62.073,22.872,75.205,59.438,67.096,0.3206,0.5557,0.0,0.0,1.3252,0.0,1.5391,0.39682,1.8561,0.061877,1.9352,0.78118,-3.5,1.0,0.0,0.0,1.0,0.0,0.0,0.0,0.0,0.0,0.0,0.0,1.0,0.0,1.0,0.0,0.0,0.0,1.0,1.0,0.0,0.0,-1,-2,3,5,-2,-1,2,-1,1,-4,-4,-1,-4,-4,-2,0,-1,-5,-3,-3,4,0,17,40,1,0,13,4,4,0,1,3,0,0,2,7,4,0,0,1,16777216,15.91,0.0,15.91,12.494000000000002,3.4162,8.9388,0.0,11.145,10.844,5.4415,1.1216,0.8831100000000001,0.55174,0.68286,2.4342,0.0,0.6178899999999999,0.14869000000000002,0.55584,0.031802,0.98474,0.45733,-3.5,0.0,1.0,0.0,1.0,0.0,0.0,0.0,1.0,0.0,1.0,0.0,0.0,0.0,1.0,0.0,0.0,1.0,0.0,0.0,1.0,0.0,-1,0,0,1,-3,2,3,0,-1,-1,-2,2,-2,-3,-1,1,-1,-3,-2,-2,1,0,0,5,0,12,34,6,0,9,1,17,0,0,0,12,0,0,0,1,1.0
57,35184372088832,32.953,32.953,0.0,12.399,20.554,40.915,40.915,0.0,32.697,48.215,0.0,0.0,0.0,0.0,0.0,0.0,0.91838,0.21591,0.0,0.0,1.217,0.66718,-0.4,1.0,0.0,0.0,0.0,1.0,0.0,0.0,0.0,0.0,0.0,0.0,1.0,1.0,0.0,0.0,0.0,1.0,0.0,1.0,0.0,0.0,-1,-2,1,0,-4,-1,-3,5,0,-4,-3,-3,-2,-3,-3,0,1,0,0,-3,2,2,5,5,0,2,0,52,2,0,2,0,1,0,0,7,11,1,5,1,4398046511104,171.4,18.919,152.48,59.37,112.03,87.389,53.219,94.953,81.789,90.679,0.0,0.0,0.0,0.0,0.0,0.0,2.5189,0.8012199999999999,3.0638,0.69426,4.3435,1.7065,-3.9,0.0,0.0,1.0,1.0,0.0,0.0,0.0,0.0,1.0,1.0,0.0,0.0,0.0,1.0,0.0,1.0,0.0,0.0,0.0,0.0,1.0,-1,0,3,0,-3,0,1,3,-1,-3,-3,2,-2,-3,-2,1,-1,-3,-2,-3,1,0,24,0,0,0,10,30,0,0,1,18,0,0,0,11,1,0,0,1,1.0
41,4398046511104,165.53,24.047,141.48,52.609,112.92,84.39399999999998,67.642,88.103,72.475,91.398,0.16262,0.45996,0.0,0.0,1.4636,0.0,2.6983,1.1502,3.4608,1.0233,4.6324,1.4809,-3.9,0.0,0.0,1.0,1.0,0.0,0.0,0.0,0.0,1.0,1.0,0.0,0.0,0.0,1.0,0.0,1.0,0.0,0.0,0.0,0.0,1.0,1,1,1,-1,-3,1,1,-2,-2,0,0,2,1,-3,-2,1,0,-3,-2,-1,11,10,6,1,0,4,11,1,0,5,8,16,6,0,1,13,5,0,0,3,8,28.132,0.5164,27.616,0.5164,27.616,14.001,1.5337,16.511,1.929,15.857,0.88751,1.0369,0.55561,0.92834,2.506,0.0,0.51782,0.16896,0.4982,0.15354,0.78118,0.29439,2.8,0.0,0.0,1.0,0.0,0.0,1.0,1.0,0.0,0.0,0.0,1.0,0.0,1.0,0.0,0.0,0.0,1.0,0.0,0.0,0.0,1.0,-3,-3,-3,-4,2,-4,-4,-4,-2,-1,-1,-4,-1,7,-4,-1,-2,0,4,0,0,0,0,0,5,0,0,0,0,0,0,0,0,74,0,5,0,0,10,6,1.0
24,281474976710656,65.767,2.9002,62.867,0.0,65.767,44.039,9.2569,53.273,0.0,53.283,0.72133,0.8763799999999999,0.0,0.0,2.2681,0.0,0.49276,0.22044,0.72529,0.07116499999999999,0.7965300000000001,0.20461,4.2,0.0,1.0,0.0,0.0,0.0,1.0,1.0,0.0,0.0,0.0,1.0,0.0,1.0,0.0,0.0,0.0,1.0,0.0,0.0,1.0,0.0,0,2,0,-2,-1,0,-1,-2,-2,-1,-2,2,-2,-2,-1,3,1,-3,0,-1,3,12,3,0,1,2,1,0,0,4,4,17,0,1,1,31,11,0,4,4,4398046511104,171.4,18.919,152.48,59.37,112.03,87.389,53.219,94.953,81.789,90.679,0.0,0.0,0.0,0.0,0.0,0.0,2.5189,0.8012199999999999,3.0638,0.69426,4.3435,1.7065,-3.9,0.0,0.0,1.0,1.0,0.0,0.0,0.0,0.0,1.0,1.0,0.0,0.0,0.0,1.0,0.0,1.0,0.0,0.0,0.0,0.0,1.0,-1,0,3,0,-3,0,1,3,-1,-3,-3,2,-2,-3,-2,1,-1,-3,-2,-3,1,0,24,0,0,0,10,30,0,0,1,18,0,0,0,11,1,0,0,1,0.0
50,68719476736,89.42299999999999,8.2684,81.154,56.163,33.26,62.073,22.872,75.205,59.438,67.096,0.3206,0.5557,0.0,0.0,1.3252,0.0,1.5391,0.39682,1.8561,0.061877,1.9352,0.78118,-3.5,1.0,0.0,0.0,1.0,0.0,0.0,0.0,0.0,0.0,0.0,0.0,1.0,0.0,1.0,0.0,0.0,0.0,1.0,1.0,0.0,0.0,-1,-2,3,5,-2,-1,2,-1,1,-4,-4,-1,-4,-4,-2,0,-1,-5,-3,-3,4,0,17,40,1,0,13,4,4,0,1,3,0,0,2,7,4,0,0,1,2097152,56.896,6.3491,50.547,24.375,32.521,49.346,15.539,67.903,39.082,61.441,0.0,0.0,0.0,0.0,0.0,0.0,0.7410399999999999,0.18541,0.99465,0.028631,1.0233,0.52115,-0.8,1.0,0.0,0.0,0.0,1.0,0.0,0.0,0.0,0.0,0.0,0.0,1.0,0.0,0.0,1.0,0.0,1.0,0.0,1.0,0.0,0.0,-1,0,1,1,-3,1,4,-2,1,-3,-3,2,-2,-3,-2,1,-1,-3,0,-3,0,0,6,6,0,5,40,0,4,0,0,18,0,0,0,17,0,0,4,0,1.0
29,4398046511104,100.2,6.2322,93.966,31.356,68.842,51.085,17.531,58.51300000000001,43.19600000000001,55.72,0.13649,0.38606,0.0,0.0,1.2285,0.0,0.7853399999999999,0.46579,1.1354,0.33706,1.5414,0.30248,-3.9,0.0,0.0,1.0,1.0,0.0,0.0,0.0,0.0,1.0,1.0,0.0,0.0,0.0,1.0,0.0,1.0,0.0,0.0,0.0,0.0,1.0,-2,0,-2,-3,-4,2,-1,-3,-2,-2,-3,5,-1,-5,-3,0,3,-5,-4,-2,1,2,1,0,0,9,1,1,0,1,1,53,2,0,0,6,19,0,0,3,1073741824,95.696,2.6011,93.095,45.109,50.587,52.89100000000001,7.4658,63.724,60.42,47.602,0.12223,0.3667,0.0,0.0,1.2223,0.0,0.78832,0.27246,0.93944,0.2569,1.3682,0.51013,-3.2,0.0,0.0,1.0,0.0,1.0,0.0,0.0,0.0,1.0,1.0,0.0,0.0,0.0,0.0,1.0,0.0,1.0,0.0,0.0,0.0,1.0,2,-1,-1,-2,-2,1,-1,-2,4,-1,-1,-1,-1,-1,-2,1,-1,-2,3,-1,34,0,0,0,0,6,0,0,19,3,5,0,0,0,0,15,0,0,14,4,0.0
37,10000000000000000000,59.182,16.762999999999998,42.419,4.2625,54.919,55.18600000000001,38.696,66.362,13.675,72.205,0.0,0.0,0.0,0.0,0.0,0.0,0.73522,0.087027,0.60306,0.0,0.87746,0.60306,1.8,1.0,0.0,0.0,0.0,1.0,0.0,0.0,0.0,0.0,1.0,0.0,0.0,1.0,0.0,0.0,0.0,1.0,0.0,1.0,0.0,0.0,-1,2,0,3,-4,1,3,-2,0,-3,-1,0,-1,-4,-3,1,-1,-4,-3,-3,5,12,4,21,0,4,25,2,2,0,8,4,2,0,0,8,4,0,0,1,1073741824,151.1,25.574,125.53,50.32100000000001,100.78,83.514,73.404,85.926,67.4,94.836,0.0,0.0,0.0,0.0,0.0,0.0,1.7849,0.32164,1.9995,0.054316,2.0647,1.1708,-3.2,0.0,0.0,1.0,0.0,1.0,0.0,0.0,0.0,1.0,1.0,0.0,0.0,0.0,0.0,1.0,0.0,1.0,0.0,0.0,0.0,1.0,0,0,2,2,-3,1,1,-1,3,-3,-3,2,-2,-3,-2,2,0,-4,-2,-3,5,0,13,13,0,6,10,0,12,0,0,16,0,0,0,24,0,0,0,0,1.0
34,4398046511104,138.05,11.619000000000002,126.43,51.694,86.359,70.385,32.684,78.73100000000002,71.214,69.898,0.16179000000000002,0.45762,0.0,0.0,1.4562,0.0,1.3602,0.52504,1.6977,0.46277,2.4733,0.65395,-3.9,0.0,0.0,1.0,1.0,0.0,0.0,0.0,0.0,1.0,1.0,0.0,0.0,0.0,1.0,0.0,1.0,0.0,0.0,0.0,0.0,1.0,1,1,0,0,-3,2,1,-3,0,-3,-2,4,1,-4,-3,1,0,-4,-1,-2,11,5,3,4,0,8,8,0,2,0,2,31,5,0,0,13,5,0,1,1,1073741824,151.1,25.574,125.53,50.32100000000001,100.78,83.514,73.404,85.926,67.4,94.836,0.0,0.0,0.0,0.0,0.0,0.0,1.7849,0.32164,1.9995,0.054316,2.0647,1.1708,-3.2,0.0,0.0,1.0,0.0,1.0,0.0,0.0,0.0,1.0,1.0,0.0,0.0,0.0,0.0,1.0,0.0,1.0,0.0,0.0,0.0,1.0,0,0,2,2,-3,1,1,-1,3,-3,-3,2,-2,-3,-2,2,0,-4,-2,-3,5,0,13,13,0,6,10,0,12,0,0,16,0,0,0,24,0,0,0,0,1.0
61,8,13.809,6.4424,7.367000000000001,6.4424,7.367000000000001,6.8727,19.134,4.4045,24.066,4.23,1.1915,0.83434,1.1626,0.8232200000000001,2.5036,0.0,0.354,0.1616,0.25611,0.078951,0.69429,0.14504,2.8,0.0,0.0,1.0,0.0,0.0,1.0,1.0,0.0,0.0,0.0,1.0,0.0,1.0,0.0,0.0,0.0,1.0,0.0,0.0,0.0,1.0,-2,-4,-4,-5,5,-3,-3,-5,-4,4,1,-3,1,4,-4,-3,-3,-3,-1,1,2,0,0,0,17,1,1,0,0,30,12,2,2,22,0,0,0,0,0,9,1073741824,151.1,25.574,125.53,50.32100000000001,100.78,83.514,73.404,85.926,67.4,94.836,0.0,0.0,0.0,0.0,0.0,0.0,1.7849,0.32164,1.9995,0.054316,2.0647,1.1708,-3.2,0.0,0.0,1.0,0.0,1.0,0.0,0.0,0.0,1.0,1.0,0.0,0.0,0.0,0.0,1.0,0.0,1.0,0.0,0.0,0.0,1.0,0,0,2,2,-3,1,1,-1,3,-3,-3,2,-2,-3,-2,2,0,-4,-2,-3,5,0,13,13,0,6,10,0,12,0,0,16,0,0,0,24,0,0,0,0,1.0
9,16777216,84.48,6.8987,77.581,45.394,39.086,47.463,19.576,54.344,39.401,62.258,0.16161,0.45709,0.0,0.0,1.4545,0.0,0.81493,0.233,0.98095,0.17274,1.2408,0.53233,-3.5,0.0,1.0,0.0,1.0,0.0,0.0,0.0,1.0,0.0,1.0,0.0,0.0,0.0,1.0,0.0,0.0,1.0,0.0,0.0,1.0,0.0,0,-2,1,0,-1,3,-1,-3,2,-4,-4,1,-3,-4,-3,3,3,-4,-3,-3,6,0,5,6,1,14,0,0,6,0,0,10,0,0,0,25,27,0,0,0,10000000000000000000,53.293,39.016,14.277,27.639,25.654,49.695,90.064,22.335,88.671,33.728,0.2464,0.4928,0.0,0.0,1.232,0.0,0.94669,0.1842,0.69429,0.0,1.2408,0.69429,1.8,1.0,0.0,0.0,0.0,1.0,0.0,0.0,0.0,0.0,1.0,0.0,0.0,1.0,0.0,0.0,0.0,1.0,0.0,1.0,0.0,0.0,2,4,-1,-2,-3,2,-1,-2,-1,-2,-2,2,2,-3,0,-1,-1,-3,-2,-2,26,38,0,0,0,9,0,0,0,0,0,14,10,0,3,0,0,0,0,0,0.0
49,68719476736,89.42299999999999,8.2684,81.154,56.163,33.26,62.073,22.872,75.205,59.438,67.096,0.3206,0.5557,0.0,0.0,1.3252,0.0,1.5391,0.39682,1.8561,0.061877,1.9352,0.78118,-3.5,1.0,0.0,0.0,1.0,0.0,0.0,0.0,0.0,0.0,0.0,0.0,1.0,0.0,1.0,0.0,0.0,0.0,1.0,1.0,0.0,0.0,-1,-2,3,5,-2,-1,2,-1,1,-4,-4,-1,-4,-4,-2,0,-1,-5,-3,-3,4,0,17,40,1,0,13,4,4,0,1,3,0,0,2,7,4,0,0,1,281474976710656,56.424,5.1754,51.24800000000001,0.0,56.424,37.782,16.519000000000002,43.427,0.0,45.713,0.98966,0.90901,0.50111,0.70868,2.4239,0.0,0.64525,0.10079,0.73443,0.06611399999999999,0.78118,0.48855,4.2,0.0,1.0,0.0,0.0,0.0,1.0,1.0,0.0,0.0,0.0,1.0,0.0,1.0,0.0,0.0,0.0,1.0,0.0,0.0,1.0,0.0,-1,2,-1,-2,-3,0,0,-2,-2,-2,-3,5,-2,-4,-2,0,1,-4,-3,-1,0,5,0,0,0,0,0,0,0,0,0,72,0,0,0,6,9,0,0,8,1.0
52,68719476736,89.42299999999999,8.2684,81.154,56.163,33.26,62.073,22.872,75.205,59.438,67.096,0.3206,0.5557,0.0,0.0,1.3252,0.0,1.5391,0.39682,1.8561,0.061877,1.9352,0.78118,-3.5,1.0,0.0,0.0,1.0,0.0,0.0,0.0,0.0,0.0,0.0,0.0,1.0,0.0,1.0,0.0,0.0,0.0,1.0,1.0,0.0,0.0,-1,-2,3,5,-2,-1,2,-1,1,-4,-4,-1,-4,-4,-2,0,-1,-5,-3,-3,4,0,17,40,1,0,13,4,4,0,1,3,0,0,2,7,4,0,0,1,8589934592,43.215,0.4899,42.725,38.648,4.5674,25.194000000000006,1.3703,31.469,38.337,6.4584,0.74435,0.8861,0.30041,0.6008100000000001,2.4409,0.0,0.52849,0.16178,0.47872,0.06517300000000001,0.87746,0.30248,-3.5,0.0,1.0,0.0,1.0,0.0,0.0,0.0,1.0,0.0,1.0,0.0,0.0,0.0,1.0,0.0,0.0,0.0,1.0,0.0,1.0,0.0,1,2,-1,-2,7,1,1,-2,-2,-2,-2,-1,-2,-3,-2,1,0,-3,-3,-2,14,16,0,0,34,6,12,0,0,0,0,0,0,0,0,13,5,0,0,0,1.0
5,1,29.204,4.9397,24.264,0.2705,28.934,21.83,15.014,24.053,1.2906,25.646,0.56713,0.92715,0.0,0.0,2.4258,0.0,0.44052,0.13241,0.45506,0.13162,0.64093,0.27851,1.6,1.0,0.0,0.0,0.0,1.0,0.0,0.0,1.0,0.0,0.0,0.0,1.0,0.0,0.0,1.0,0.0,1.0,0.0,0.0,1.0,0.0,-2,-3,-2,-2,-1,-3,-3,-4,-3,0,1,-3,-2,-2,6,-2,-2,-4,0,1,2,0,2,1,1,0,1,1,0,5,18,1,0,1,49,2,1,0,4,11,8589934592,79.33,4.2662,75.064,64.10300000000001,15.228,46.249,11.933,55.288,63.588,21.533,0.5423899999999999,0.80547,0.0,0.0,2.2292,0.0,1.564,0.40352,1.7958,0.3797,2.4733,1.0431,-3.5,0.0,1.0,0.0,1.0,0.0,0.0,0.0,1.0,0.0,1.0,0.0,0.0,0.0,1.0,0.0,0.0,0.0,1.0,0.0,1.0,0.0,-2,-2,0,6,-4,1,3,-2,-2,-4,-4,-1,-4,-4,-2,-1,-2,-5,-4,-4,0,0,0,77,0,5,18,0,0,0,0,0,0,0,0,0,0,0,0,0,0.0
0,262144,24.385,9.64,14.745,4.1632,20.221,17.852,28.237,14.392,7.4078,25.154,0.18986,0.46506,0.0,0.0,1.329,0.0,0.78613,0.23584,0.63521,0.13713,1.2652,0.478,-0.7,1.0,0.0,0.0,0.0,1.0,0.0,0.0,0.0,0.0,0.0,1.0,0.0,0.0,0.0,1.0,0.0,1.0,0.0,1.0,0.0,0.0,-1,-3,-2,-3,-3,-3,-3,-1,-3,-3,-2,-3,-3,0,0,3,6,-4,1,-3,1,0,0,0,0,0,0,3,0,0,3,0,0,4,4,26,54,0,5,0,549755813888,112.88,0.9576,111.92,88.318,24.559,48.44300000000001,2.5979,57.058,60.199,28.457,0.60506,1.0289,0.0,0.0,2.7661,0.0,1.1132,0.80198,1.5524,0.6905600000000001,2.5322,0.23312,-4.5,0.0,0.0,1.0,1.0,0.0,0.0,0.0,0.0,1.0,1.0,0.0,0.0,0.0,1.0,0.0,1.0,0.0,0.0,0.0,0.0,1.0,0,3,0,-2,-3,0,0,-2,-1,-2,-3,5,-2,-4,-2,-1,-1,-4,-3,-1,9,14,5,0,0,0,0,0,0,0,0,65,0,0,0,0,0,0,0,8,0.0
35,4398046511104,138.05,11.619000000000002,126.43,51.694,86.359,70.385,32.684,78.73100000000002,71.214,69.898,0.16179000000000002,0.45762,0.0,0.0,1.4562,0.0,1.3602,0.52504,1.6977,0.46277,2.4733,0.65395,-3.9,0.0,0.0,1.0,1.0,0.0,0.0,0.0,0.0,1.0,1.0,0.0,0.0,0.0,1.0,0.0,1.0,0.0,0.0,0.0,0.0,1.0,1,1,0,0,-3,2,1,-3,0,-3,-2,4,1,-4,-3,1,0,-4,-1,-2,11,5,3,4,0,8,8,0,2,0,2,31,5,0,0,13,5,0,1,1,16777216,15.91,0.0,15.91,12.494000000000002,3.4162,8.9388,0.0,11.145,10.844,5.4415,1.1216,0.8831100000000001,0.55174,0.68286,2.4342,0.0,0.6178899999999999,0.14869000000000002,0.55584,0.031802,0.98474,0.45733,-3.5,0.0,1.0,0.0,1.0,0.0,0.0,0.0,1.0,0.0,1.0,0.0,0.0,0.0,1.0,0.0,0.0,1.0,0.0,0.0,1.0,0.0,-1,0,0,1,-3,2,3,0,-1,-1,-2,2,-2,-3,-1,1,-1,-3,-2,-2,1,0,0,5,0,12,34,6,0,9,1,17,0,0,0,12,0,0,0,1,1.0
28,10000000000000000000,59.182,16.762999999999998,42.419,4.2625,54.919,55.18600000000001,38.696,66.362,13.675,72.205,0.0,0.0,0.0,0.0,0.0,0.0,0.73522,0.087027,0.60306,0.0,0.87746,0.60306,1.8,1.0,0.0,0.0,0.0,1.0,0.0,0.0,0.0,0.0,1.0,0.0,0.0,1.0,0.0,0.0,0.0,1.0,0.0,1.0,0.0,0.0,-1,2,0,3,-4,1,3,-2,0,-3,-1,0,-1,-4,-3,1,-1,-4,-3,-3,5,12,4,21,0,4,25,2,2,0,8,4,2,0,0,8,4,0,0,1,16777216,62.569,1.8398,60.729,25.275,37.294,35.153,5.2208,42.539,21.938,59.405,0.5765399999999999,0.8681200000000001,0.0,0.0,2.4379,0.0,0.49681,0.22086,0.68125,0.099384,0.81215,0.22587,-3.5,0.0,1.0,0.0,1.0,0.0,0.0,0.0,1.0,0.0,1.0,0.0,0.0,0.0,1.0,0.0,0.0,1.0,0.0,0.0,1.0,0.0,0,0,-1,-2,-2,2,0,-2,-1,1,0,3,2,-2,-2,-1,-1,-3,-2,0,9,0,0,0,0,18,0,0,0,11,8,35,9,0,0,0,0,0,0,7,0.0
32,8589934592,71.389,3.0938,68.295,46.773,24.617,41.619,8.654,50.302,46.397,34.809,0.57852,0.8709899999999999,0.0,0.0,2.4473,0.0,1.0279,0.62784,1.5109,0.42759,1.9352,0.3445,-3.5,0.0,1.0,0.0,1.0,0.0,0.0,0.0,1.0,0.0,1.0,0.0,0.0,0.0,1.0,0.0,0.0,0.0,1.0,0.0,1.0,0.0,2,-1,0,0,-4,2,5,-2,1,-4,-3,0,-3,-5,-3,-1,-2,-5,-4,-4,18,2,5,3,0,10,51,1,3,0,2,3,0,0,0,2,0,0,0,0,4096,18.854,0.1176,18.736,0.0,18.854,10.093,0.34527,12.267,0.0,11.847,0.83999,0.89684,0.3844,0.66581,2.4204,0.0,0.25689,0.055299,0.24,0.064354,0.3445,0.17077,1.9,0.0,0.0,1.0,0.0,0.0,1.0,1.0,0.0,0.0,1.0,0.0,0.0,0.0,0.0,1.0,0.0,1.0,0.0,0.0,0.0,1.0,1,-1,-3,-3,-2,-1,-2,-3,-2,0,0,1,7,-2,-3,-2,-1,-3,-2,-1,16,0,0,0,0,0,0,0,0,0,0,15,69,0,0,0,0,0,0,0,0.0
65,2251799813685248,0.3579,0.0,0.3579,0.0,0.3579,0.2064,0.0,0.25146,0.0,0.24287,2.1819,0.92943,1.7386,1.1254,2.9531,0.0,0.12605,0.10385,0.047972,0.036421,0.3445,0.0,4.5,0.0,1.0,0.0,0.0,0.0,1.0,1.0,0.0,0.0,0.0,1.0,0.0,1.0,0.0,0.0,0.0,1.0,0.0,0.0,1.0,0.0,-3,-5,-5,-5,-3,-5,-5,-6,-5,6,3,-5,0,-2,-5,-4,-3,-4,-3,2,0,0,0,0,0,0,0,0,0,56,32,0,1,0,0,0,0,0,0,12,1073741824,95.696,2.6011,93.095,45.109,50.587,52.89100000000001,7.4658,63.724,60.42,47.602,0.12223,0.3667,0.0,0.0,1.2223,0.0,0.78832,0.27246,0.93944,0.2569,1.3682,0.51013,-3.2,0.0,0.0,1.0,0.0,1.0,0.0,0.0,0.0,1.0,1.0,0.0,0.0,0.0,0.0,1.0,0.0,1.0,0.0,0.0,0.0,1.0,2,-1,-1,-2,-2,1,-1,-2,4,-1,-1,-1,-1,-1,-2,1,-1,-2,3,-1,34,0,0,0,0,6,0,0,19,3,5,0,0,0,0,15,0,0,14,4,1.0
46,68719476736,89.42299999999999,8.2684,81.154,56.163,33.26,62.073,22.872,75.205,59.438,67.096,0.3206,0.5557,0.0,0.0,1.3252,0.0,1.5391,0.39682,1.8561,0.061877,1.9352,0.78118,-3.5,1.0,0.0,0.0,1.0,0.0,0.0,0.0,0.0,0.0,0.0,0.0,1.0,0.0,1.0,0.0,0.0,0.0,1.0,1.0,0.0,0.0,-1,-2,3,5,-2,-1,2,-1,1,-4,-4,-1,-4,-4,-2,0,-1,-5,-3,-3,4,0,17,40,1,0,13,4,4,0,1,3,0,0,2,7,4,0,0,1,4398046511104,171.4,18.919,152.48,59.37,112.03,87.389,53.219,94.953,81.789,90.679,0.0,0.0,0.0,0.0,0.0,0.0,2.5189,0.8012199999999999,3.0638,0.69426,4.3435,1.7065,-3.9,0.0,0.0,1.0,1.0,0.0,0.0,0.0,0.0,1.0,1.0,0.0,0.0,0.0,1.0,0.0,1.0,0.0,0.0,0.0,0.0,1.0,-1,0,3,0,-3,0,1,3,-1,-3,-3,2,-2,-3,-2,1,-1,-3,-2,-3,1,0,24,0,0,0,10,30,0,0,1,18,0,0,0,11,1,0,0,1,1.0
43,4398046511104,165.53,24.047,141.48,52.609,112.92,84.39399999999998,67.642,88.103,72.475,91.398,0.16262,0.45996,0.0,0.0,1.4636,0.0,2.6983,1.1502,3.4608,1.0233,4.6324,1.4809,-3.9,0.0,0.0,1.0,1.0,0.0,0.0,0.0,0.0,1.0,1.0,0.0,0.0,0.0,1.0,0.0,1.0,0.0,0.0,0.0,0.0,1.0,1,1,1,-1,-3,1,1,-2,-2,0,0,2,1,-3,-2,1,0,-3,-2,-1,11,10,6,1,0,4,11,1,0,5,8,16,6,0,1,13,5,0,0,3,4398046511104,123.79,19.17,104.62,58.215,65.577,63.114,53.925,65.148,80.197,53.078,0.16153,0.45686,0.0,0.0,1.4537,0.0,1.2107,0.3041,1.4023,0.274,1.8944,0.87746,-3.9,0.0,0.0,1.0,1.0,0.0,0.0,0.0,0.0,1.0,1.0,0.0,0.0,0.0,1.0,0.0,1.0,0.0,0.0,0.0,0.0,1.0,-2,5,-1,-1,-4,1,3,-3,-1,-4,-3,3,-2,-4,1,-1,-2,-4,-3,-3,0,52,0,0,0,0,22,0,0,0,0,18,0,0,8,0,0,0,0,0,1.0
8,8589934592,9.5679,1.493,8.0749,5.409,4.1589,5.5779999999999985,4.1762,5.9475,5.3655,5.8808,0.5020100000000001,0.71024,0.61234,0.7499600000000001,1.5338,0.0,0.26549,0.088647,0.19962,0.026155,0.45733,0.17739000000000002,-3.5,0.0,1.0,0.0,1.0,0.0,0.0,0.0,1.0,0.0,1.0,0.0,0.0,0.0,1.0,0.0,0.0,0.0,1.0,0.0,1.0,0.0,-4,-3,-2,4,-6,1,7,-5,-3,-6,-3,-1,-2,-6,-4,-2,-3,-6,-5,-5,0,0,0,19,0,4,71,0,0,0,3,1,1,0,0,1,0,0,0,0,281474976710656,56.424,5.1754,51.24800000000001,0.0,56.424,37.782,16.519000000000002,43.427,0.0,45.713,0.98966,0.90901,0.50111,0.70868,2.4239,0.0,0.64525,0.10079,0.73443,0.06611399999999999,0.78118,0.48855,4.2,0.0,1.0,0.0,0.0,0.0,1.0,1.0,0.0,0.0,0.0,1.0,0.0,1.0,0.0,0.0,0.0,1.0,0.0,0.0,1.0,0.0,-1,2,-1,-2,-3,0,0,-2,-2,-2,-3,5,-2,-4,-2,0,1,-4,-3,-1,0,5,0,0,0,0,0,0,0,0,0,72,0,0,0,6,9,0,0,8,0.0
