,Unnamed: 0,Unnamed: 1,A,R,N,D,C,Q,E,G,H,I,L,K,M,F,P,S,T,W,Y,V,A.1,R.1,N.1,D.1,C.1,Q.1,E.1,G.1,H.1,I.1,L.1,K.1,M.1,F.1,P.1,S.1,T.1,W.1,Y.1,V.1,Unnamed: 42,Unnamed: 43
0,1,S,2,-1,3,-1,-2,-1,-1,-1,-1,-3,-3,-1,-2,-3,-2,4,1,-4,-3,-2,24,0,24,0,0,0,0,0,0,0,0,0,0,0,0,50,2,0,0,0,0.48,0.09
1,2,E,-2,1,0,3,-4,2,3,-2,-1,-4,-4,3,-3,-4,3,-1,-1,-4,-3,-3,1,4,2,21,0,13,23,1,0,0,0,21,0,0,13,0,2,0,0,0,0.53,0.11
2,3,T,-1,0,2,3,-3,1,4,-2,-1,-4,-4,1,-3,-4,-1,1,1,-4,-3,-3,3,2,10,15,0,4,33,0,0,0,0,9,0,0,2,13,9,0,0,0,0.45,0.12
3,4,Y,-3,-4,-4,-5,0,-3,-3,-5,2,0,-2,-4,-2,4,-5,-3,-3,0,8,-2,1,0,0,0,2,0,1,0,3,5,0,0,0,13,0,0,0,0,72,2,1.46,0.29
4,5,D,-2,-3,0,7,-5,-2,2,-3,-2,-5,-5,-2,-5,-5,-3,-1,-3,-6,-5,-5,4,0,2,81,0,0,11,0,1,0,0,0,0,0,0,2,0,0,0,0,1.45,0.28
5,6,F,-3,-4,-4,-5,-2,-3,-4,-5,3,-2,-1,-4,1,4,-5,-3,-3,0,8,-1,1,0,0,0,1,0,0,0,8,0,4,0,3,13,0,1,0,0,65,5,1.33,0.28
6,7,L,-1,-2,-4,-4,-3,-1,-4,-5,-4,1,5,-2,2,-1,-4,-3,-1,-3,-2,1,3,1,0,0,0,3,0,0,0,4,71,2,5,1,0,0,3,0,0,7,0.65,0.18
7,8,F,-4,-5,-5,-6,0,-5,-5,-4,-3,0,-1,-5,0,8,-6,-4,-4,-1,1,-1,0,0,0,0,2,0,0,1,0,4,3,0,2,85,0,0,0,0,1,2,1.63,0.32
8,9,K,-3,2,-2,-3,-5,0,-1,-4,-3,-5,-5,7,-3,-5,-3,-2,-3,-5,-4,-4,0,5,0,0,0,2,0,0,0,0,0,93,0,0,0,0,0,0,0,0,1.53,0.34
9,10,F,-2,-3,-4,-4,-2,-3,-4,-4,-3,3,3,-4,1,2,-4,-3,-2,-2,2,3,2,0,0,0,0,0,0,0,0,19,37,0,2,10,0,0,1,0,8,23,0.5,0.14
10,11,L,-2,-4,-5,-5,-2,-4,-4,-5,-4,3,3,-4,2,-1,-4,-3,-2,-4,-2,4,0,0,0,0,0,0,0,0,0,20,38,0,4,0,0,0,0,0,0,38,0.69,0.18
11,12,V,-3,-4,-5,-5,-3,-4,-4,-5,-4,3,5,-4,1,0,-4,-4,-2,-3,-2,2,0,0,0,0,0,0,0,0,0,20,66,0,1,2,0,0,0,0,0,12,0.8,0.2
12,13,I,-2,-5,-5,-5,-3,-4,-5,-5,-5,7,1,-4,0,-2,-4,-4,-2,-4,-3,2,2,0,0,0,0,0,0,0,0,82,4,0,0,0,0,0,1,0,0,11,1.18,0.27
13,14,G,-2,-4,-2,-3,-5,-4,-4,7,-4,-6,-6,-4,-5,-5,-4,-2,-4,-5,-5,-5,0,0,0,0,0,0,0,100,0,0,0,0,0,0,0,0,0,0,0,0,1.97,0.34
14,15,N,-3,-3,3,7,-5,-2,1,-3,-3,-5,-6,-2,-5,-5,-3,0,-3,-6,-5,-5,0,0,11,81,0,0,4,0,0,0,0,0,0,0,0,4,0,0,0,0,1.53,0.3
15,16,A,1,-1,-1,-2,-3,-1,-2,-2,-3,-4,-4,-2,-1,-4,-3,6,1,-5,-4,-3,7,2,0,0,0,1,0,0,0,0,0,0,2,0,0,82,6,0,0,0,1.04,0.29
16,17,G,2,-3,0,-3,-3,-3,-3,6,-3,-5,-5,-3,-4,-4,-3,1,-1,-4,-4,-4,16,0,4,0,0,0,0,68,0,0,0,0,0,0,0,9,3,0,0,0,1.07,0.22
17,18,T,-2,-4,-5,-5,-3,-4,-4,-5,-5,1,-1,-4,-1,-3,-4,-3,0,-5,-3,7,0,0,0,0,0,0,0,0,0,0,0,0,0,0,0,0,6,0,0,94,1.31,0.32
18,19,G,-2,-4,-2,-3,-5,-4,-4,7,-4,-6,-6,-4,-5,-5,-4,-2,-4,-5,-5,-5,0,0,0,0,0,0,0,100,0,0,0,0,0,0,0,0,0,0,0,0,1.97,0.34
19,20,K,-3,0,-2,-3,-5,-1,-1,-4,-3,-5,-5,7,-4,-5,-3,-2,-3,-5,-4,-5,0,0,0,0,0,0,0,0,0,0,0,100,0,0,0,0,0,0,0,0,1.7,0.37
20,21,S,-1,-3,-1,-2,-3,-2,-2,-2,-3,-4,-4,-2,-3,-4,-3,6,4,-5,-4,-3,0,0,0,0,0,0,0,0,0,0,0,0,0,0,0,69,31,0,0,0,1.07,0.29
21,22,C,-2,-3,4,-3,9,0,-3,-3,-3,-4,-4,-3,-3,-4,-4,2,-2,-5,-4,-3,0,0,26,0,50,5,0,0,0,0,0,0,0,0,0,18,0,0,0,0,1.35,0.29
22,23,L,-2,-4,-5,-5,-3,-4,-4,-5,-4,2,5,-4,1,2,-4,-4,-2,-3,-2,1,1,0,0,0,0,0,0,0,0,13,72,0,1,7,0,0,0,0,0,6,0.83,0.2
23,24,L,-3,-4,-5,-5,-3,-4,-5,-5,-5,1,5,-4,1,-1,-5,-4,-3,-3,-3,1,0,0,0,0,0,0,0,0,0,3,86,0,2,0,0,0,0,0,0,9,1.04,0.24
24,25,H,0,0,-1,-2,0,0,-1,-3,2,0,2,-2,0,2,-3,2,0,-2,0,0,5,5,1,0,2,3,2,0,7,3,31,0,1,11,0,22,3,0,1,3,0.15,0.1
25,26,Q,-3,7,-2,-3,-5,2,-2,-4,0,-5,-4,1,-3,-5,-4,-2,-3,-5,-4,-5,0,85,0,0,0,10,0,0,2,0,0,1,0,0,0,2,0,0,0,0,1.56,0.32
26,27,F,-4,-5,-5,-6,-4,-5,-5,-5,-3,-1,-2,-5,-2,8,-6,-4,-4,-1,4,-3,0,0,0,0,0,0,0,0,0,2,0,0,0,86,0,0,0,0,12,0,1.88,0.34
27,28,I,2,-2,-1,-2,0,-1,-2,-2,-3,0,-2,0,-2,-3,-2,1,4,-4,-3,0,24,0,2,0,2,1,0,0,0,4,0,7,0,0,0,11,43,0,0,6,0.44,0.17
28,29,E,-2,3,-1,5,-4,1,3,-3,-1,-4,-4,1,-3,-4,-3,0,-1,-5,-3,-4,0,22,0,39,0,3,17,0,1,0,0,10,0,0,0,7,2,0,0,0,0.68,0.17
29,30,K,-3,-1,5,5,-5,-2,-1,2,-2,-5,-5,1,-4,-5,-3,-1,-2,-5,-4,-5,0,2,35,36,0,0,0,19,0,0,0,8,0,0,0,0,0,0,0,0,0.86,0.21
30,31,K,0,1,-1,-1,-3,1,3,-2,-1,-2,-2,1,-1,-3,-2,1,2,-4,-3,-1,9,10,1,1,0,4,30,0,1,2,2,10,1,0,1,10,16,0,0,4,0.31,0.11
31,32,F,-4,-5,-5,-6,-5,-5,-5,-5,-3,-2,-2,-5,-2,8,-6,-4,-4,1,4,-3,0,0,0,0,0,0,0,0,0,0,0,0,0,87,0,0,0,1,12,0,1.95,0.35
32,33,K,0,-1,2,0,2,0,-1,-2,1,-2,-1,0,-1,-2,-1,2,3,-3,-1,-1,4,2,15,2,6,5,2,0,5,1,5,4,1,2,2,20,22,0,1,2,0.22,0.1
33,34,D,0,-2,-1,1,-3,0,2,-2,0,-1,0,-1,-1,-2,4,0,0,-3,-2,-1,6,0,1,8,0,2,22,1,3,3,14,0,2,1,19,9,4,0,1,3,0.27,0.09
34,35,D,0,-1,1,2,-2,0,2,0,-1,-2,-2,-1,-2,-2,-2,2,2,-3,-1,-1,8,1,7,15,0,1,13,4,1,0,2,1,0,2,0,24,13,0,2,6,0.23,0.09
35,36,S,-1,-2,-2,-3,1,1,-2,-3,3,-3,-3,-1,-2,4,-3,3,0,-2,4,-3,0,0,0,0,4,9,0,0,10,0,0,2,0,19,0,35,6,0,15,0,0.47,0.18
36,37,N,-2,0,-1,1,-3,1,0,-2,-2,3,-1,3,0,-2,-1,-2,-1,-4,-3,1,0,2,3,9,0,5,3,3,0,32,2,28,1,0,2,0,4,0,0,5,0.22,0.12
37,38,H,1,-2,0,-2,-2,-2,-2,-2,3,-3,-2,-2,-2,-2,1,5,1,-4,-2,-2,12,0,4,0,0,0,0,0,8,0,5,0,0,1,6,54,9,0,0,0,0.52,0.18
38,39,T,-2,-3,-2,-3,-3,-3,-3,-4,-4,-3,-3,-3,-3,-4,-3,-1,7,-5,-4,-2,0,0,0,0,0,0,0,0,0,0,0,0,0,0,0,0,100,0,0,0,1.7,0.38
39,40,I,-3,-5,-5,-5,-3,-5,-5,-6,-5,7,0,-5,-1,-2,-5,-4,-2,-5,-3,3,0,0,0,0,0,0,0,0,0,86,0,0,0,0,0,0,0,0,0,14,1.35,0.3
40,41,G,-2,-4,-2,-3,-5,-4,-4,7,-4,-6,-6,-4,-5,-5,-4,-2,-4,-5,-5,-5,0,0,0,0,0,0,0,100,0,0,0,0,0,0,0,0,0,0,0,0,1.97,0.34
41,42,V,0,-4,-5,-5,-2,-4,-4,-5,-5,4,-1,-4,-1,-2,-4,-3,-2,-5,-3,6,5,0,0,0,0,0,0,0,0,22,0,0,0,0,0,0,0,0,0,73,1.0,0.25
42,43,E,-2,-3,-1,6,-5,-1,5,-3,-2,-5,-5,-2,-4,-5,-3,-2,-3,-5,-4,-5,3,0,0,55,0,0,42,0,0,0,0,0,0,0,0,0,0,0,0,0,1.28,0.27
43,44,F,-5,-5,-5,-6,-5,-6,-6,-6,-3,-2,-2,-5,-2,9,-6,-5,-4,-1,1,-3,0,0,0,0,0,0,0,0,0,0,0,0,0,100,0,0,0,0,0,0,2.25,0.39
44,45,G,1,1,-1,-2,-1,2,-1,1,-2,-3,-2,4,-1,-1,-2,0,0,-3,-3,-3,16,4,0,0,1,9,0,13,0,0,3,39,2,3,0,5,5,0,0,0,0.34,0.14
45,46,S,0,-3,0,-3,-2,-2,-3,-3,-3,4,-1,-2,1,-2,-3,1,4,-4,-1,2,5,0,4,0,0,0,0,0,0,31,0,0,3,0,0,10,33,0,2,13,0.41,0.16
46,47,K,-3,6,-2,-3,-5,2,-1,-4,-2,-5,-4,5,-3,-5,-3,-2,-3,-5,-3,-4,0,54,0,0,0,7,0,0,0,0,0,39,0,0,0,0,0,0,0,0,1.19,0.27
47,48,I,-1,-3,0,-3,-2,-2,-2,-3,-3,0,-1,-1,1,-3,-3,2,5,-4,0,1,0,0,4,0,0,0,0,0,0,3,4,2,4,0,0,13,59,0,4,8,0.62,0.21
48,49,I,-2,-4,-4,-5,-2,-4,-4,-5,-4,4,3,-4,2,-1,-4,-3,-1,-4,-2,4,0,0,0,0,0,0,0,0,0,33,25,0,4,1,0,0,1,0,0,37,0.68,0.17
49,50,N,-2,-1,2,2,0,1,4,-3,1,-3,-3,0,-1,-1,-2,0,1,-3,1,-2,1,1,10,10,3,6,35,0,3,0,1,5,1,3,0,3,9,0,7,2,0.35,0.12
50,51,V,-1,-1,-4,-4,-1,-1,-3,-4,-4,4,2,-2,0,-1,-4,-2,-1,-4,-2,3,2,4,0,0,1,3,0,0,0,40,21,1,1,0,0,1,1,0,0,27,0.5,0.15
51,52,G,-3,-1,2,6,-5,1,3,1,0,-5,-5,-1,-4,-5,-3,-1,-2,-5,-4,-4,0,3,11,48,0,4,20,9,3,0,0,2,0,0,0,1,0,0,0,0,0.81,0.19
52,53,G,-1,-3,2,2,-4,-2,0,6,0,-5,-5,-2,-4,-5,-3,-1,-2,-4,-4,-5,1,1,11,11,0,1,5,67,2,0,0,0,0,0,0,0,1,0,0,0,1.03,0.22
53,54,K,-2,1,-2,-2,-5,0,0,-3,-3,-2,-4,7,-1,-5,-3,-2,0,-5,-4,-2,1,2,0,0,0,2,3,0,0,2,0,81,2,0,0,0,6,0,0,2,1.07,0.28
54,55,Y,-1,3,-1,-2,-3,0,0,-3,0,-1,-1,3,-2,-3,0,0,2,-3,-1,-1,4,19,1,0,0,3,4,0,2,4,4,23,0,0,4,2,23,0,2,4,0.27,0.11
55,56,V,-2,-4,-5,-5,0,-4,-5,-5,-5,6,0,-4,0,-2,-4,-4,-2,-4,-3,5,0,0,0,0,2,0,0,0,0,52,2,0,0,0,0,0,0,0,0,44,0.99,0.24
56,57,K,-3,1,-2,-3,-5,-1,-1,-4,-3,-5,-5,7,-3,-5,-3,-2,-2,-5,-4,-4,0,4,0,0,0,0,0,0,0,0,0,95,0,0,0,0,1,0,0,0,1.56,0.34
57,58,L,2,-3,-4,-4,-2,-3,-4,-3,-4,1,4,-3,1,0,-4,-2,-2,-3,-2,0,28,0,0,0,0,0,0,0,0,4,62,0,2,3,0,0,0,0,0,1,0.62,0.19
58,59,Q,-2,-1,-2,-2,-5,8,1,-4,-2,-5,-4,-1,-3,-6,-4,-2,-2,-4,-4,-4,2,0,0,0,0,93,3,0,0,0,0,0,0,0,0,0,2,0,0,0,1.84,0.4
59,60,I,-3,-5,-5,-5,-1,-5,-5,-6,-5,7,1,-5,0,-2,-5,-4,-2,-4,-3,2,0,0,0,0,1,0,0,0,0,85,5,0,1,0,0,0,0,0,0,8,1.24,0.28
60,61,W,-5,-6,-7,-7,-5,-5,-6,-5,-5,-6,-5,-6,-4,-2,-7,-6,-5,13,0,-6,0,0,0,0,0,0,0,0,0,0,0,0,0,0,0,0,0,100,0,0,4.26,0.56
61,62,D,-4,-4,-1,8,-6,-2,0,-4,-3,-5,-6,-3,-5,-6,-4,-2,-3,-7,-5,-6,0,0,0,100,0,0,0,0,0,0,0,0,0,0,0,0,0,0,0,0,2.11,0.38
62,63,T,-2,-3,-2,-3,-3,-3,-3,-4,-4,-3,-3,-3,-3,-4,-3,-1,7,-5,-4,-2,0,0,0,0,0,0,0,0,0,0,0,0,0,0,0,0,100,0,0,0,1.7,0.38
63,64,A,7,-3,-4,-4,-2,-3,-3,-2,-4,-3,-3,-3,-3,-4,-3,-1,-2,-5,-4,-2,100,0,0,0,0,0,0,0,0,0,0,0,0,0,0,0,0,0,0,0,1.4,0.34
64,65,G,-2,-4,-2,-3,-5,-4,-4,7,-4,-6,-6,-4,-5,-5,-4,-2,-4,-5,-5,-5,0,0,0,0,0,0,0,100,0,0,0,0,0,0,0,0,0,0,0,0,1.97,0.34
65,66,Q,-3,-1,-2,-3,-5,8,0,-4,-2,-5,-4,-1,-3,-6,-4,-2,-3,-4,-4,-5,0,0,0,0,0,96,2,0,0,0,1,0,0,0,0,0,0,0,0,0,1.95,0.42
66,67,E,-3,-2,-2,0,-6,0,7,-4,-2,-5,-5,0,-4,-6,-3,-2,-3,-5,-4,-5,0,0,0,0,0,0,98,0,0,0,0,2,0,0,0,0,0,0,0,0,1.75,0.36
67,68,R,-3,8,-2,-4,-5,-1,-2,-4,-2,-5,-4,1,-3,-5,-4,-1,-3,-5,-4,-5,0,92,0,0,0,0,0,0,0,0,0,4,0,0,0,5,0,0,0,0,1.72,0.34
68,69,F,-4,-4,-5,-6,-4,-5,-5,-5,-2,-2,-2,-5,-2,8,-6,-4,-4,0,6,-3,0,0,0,0,0,0,0,0,0,0,0,0,0,66,0,0,0,0,34,0,1.76,0.33
69,70,R,-3,7,0,-3,-5,0,-2,-4,2,-5,-4,1,-3,-5,-4,-3,-3,-2,-3,-5,0,86,4,0,0,2,0,0,5,0,0,3,0,0,0,0,0,1,0,0,1.55,0.32
70,71,S,3,-2,-2,-2,-2,-2,-2,-2,-3,-2,-3,-2,-2,-4,-2,3,4,-4,-3,-1,30,0,0,0,0,0,0,0,0,0,0,0,0,0,0,27,39,0,0,2,0.66,0.21
71,72,V,-3,-4,-5,-5,-3,-4,-5,-5,-1,6,1,-4,1,-2,-4,-4,-2,-4,-3,3,0,0,0,0,0,0,0,0,2,67,7,0,2,0,0,0,0,0,0,23,0.97,0.23
72,73,T,0,-3,-1,-3,-3,-3,-3,-3,0,-3,-3,-3,-3,-4,-3,0,7,-5,-4,-1,5,0,2,0,0,0,0,0,2,0,0,0,0,0,0,0,90,0,0,1,1.35,0.33
73,74,R,-1,2,1,-2,-3,1,0,-2,1,-3,-3,0,-2,-4,0,4,2,-4,-3,-3,0,15,4,0,0,6,2,0,4,1,0,2,0,0,3,46,17,0,0,0,0.49,0.18
74,75,S,4,-3,-2,-2,-2,-1,-2,-1,-3,-3,-3,-2,0,-4,-2,4,0,-4,-3,-2,48,0,0,0,0,2,0,1,0,0,0,0,3,0,0,43,3,0,0,0,0.74,0.23
75,76,Y,-4,-4,-4,-5,-5,-2,-4,-6,1,-4,-3,-4,-3,1,-5,-4,-4,0,9,-4,0,0,0,0,0,2,0,0,2,0,0,0,0,0,0,0,0,0,96,0,2.36,0.42
76,77,Y,-4,-4,-5,-6,-5,-4,-5,-6,0,-4,-3,-4,-3,1,-6,-4,-4,0,10,-4,0,0,0,0,0,0,0,0,0,0,0,0,0,0,0,0,0,0,100,0,2.53,0.44
77,78,R,-4,8,-2,-4,-6,-1,-2,-4,0,-5,-4,1,-4,-5,-4,-3,-3,-5,-4,-5,0,96,0,0,0,0,0,0,2,0,0,2,0,0,0,0,0,0,0,0,1.87,0.36
78,79,G,-1,-2,0,0,-4,-3,-3,6,-3,-5,-5,-3,-4,-5,-4,0,-3,-4,-5,-5,0,2,3,5,0,0,0,82,0,0,0,0,0,0,0,8,0,0,0,0,1.36,0.26
79,80,A,6,-2,-3,-4,2,-3,-3,-2,-3,-3,-3,-2,-3,-4,-3,1,-1,-4,-4,-2,88,1,0,0,4,0,0,0,0,0,0,0,0,0,0,6,1,0,0,0,1.1,0.29
80,81,A,0,-2,-1,-3,-3,2,-2,-3,5,0,0,-1,4,-2,-3,-2,-2,-4,-1,3,10,0,3,0,0,11,0,0,22,2,3,2,16,1,0,0,0,0,0,30,0.41,0.17
81,82,G,1,-4,-2,-3,-1,-3,-4,7,-4,-5,-5,-3,-4,-5,-4,-2,-3,-4,-5,-4,12,0,0,0,1,0,0,86,0,0,0,0,0,0,0,0,0,0,0,0,1.55,0.29
82,83,A,4,-3,-3,-4,-2,-3,-3,-1,-3,3,0,-3,-1,1,-3,-1,-1,-3,-2,1,47,0,0,0,0,0,0,3,0,28,6,0,0,6,0,0,3,0,0,7,0.43,0.17
83,84,L,-2,-4,-5,-5,-2,-3,-4,-5,-4,4,4,-4,4,0,-4,-4,-2,-3,-2,1,1,0,0,0,1,0,0,0,0,36,44,0,13,3,0,0,0,0,0,1,0.72,0.19
84,85,L,-2,-4,-5,-5,-1,-4,-4,-5,-4,3,4,-4,2,0,-4,-4,-2,-3,-2,2,0,0,0,0,1,0,0,0,0,18,62,0,3,2,0,0,0,0,0,14,0.73,0.18
85,86,V,0,-4,-4,-5,-2,-4,-4,-5,-5,2,0,-4,2,-2,-4,-3,-1,-4,-3,6,5,0,0,0,0,0,0,0,0,3,6,0,5,1,0,0,2,0,0,78,0.91,0.24
86,87,Y,-4,-4,-5,-6,-5,-4,-4,-6,0,-4,-3,-4,-3,2,-5,-4,-4,0,9,-4,0,0,0,0,0,0,0,0,0,0,0,0,0,4,0,0,0,0,96,0,2.38,0.42
87,88,D,-4,-4,0,8,-6,-2,0,-3,-3,-5,-6,-3,-5,-6,-4,-2,-3,-7,-5,-5,0,0,2,98,0,0,0,0,0,0,0,0,0,0,0,0,0,0,0,0,2.03,0.37
88,89,I,-2,-4,-5,-5,0,-4,-5,-5,-5,6,1,-4,0,-2,-4,-4,-2,-4,-3,4,0,0,0,0,1,0,0,0,0,60,4,0,1,0,0,0,0,0,0,33,0.98,0.23
89,90,T,0,-3,-2,-3,-3,-3,-3,-3,-4,-3,-3,-3,-3,-4,-3,1,7,-5,-4,-2,5,0,0,0,0,0,0,0,0,0,0,0,0,0,0,5,90,0,0,0,1.4,0.34
90,91,S,-2,4,4,3,-1,-1,0,-3,-2,-4,-4,2,-3,-4,-3,0,-2,-5,-3,-4,0,27,23,23,2,0,1,0,0,0,0,17,0,0,0,8,0,0,0,0,0.64,0.18
91,92,R,-1,5,-1,-2,-4,2,2,-2,3,-4,-3,2,0,-4,-2,0,-1,-4,-2,-3,2,40,0,0,0,11,18,1,8,0,1,9,3,0,1,5,2,0,0,0,0.6,0.17
92,93,E,0,2,0,2,-3,2,3,-2,-1,-1,-2,1,-2,-3,-2,1,0,-4,-3,-1,5,11,2,13,0,10,25,0,0,3,3,8,0,0,0,11,4,0,0,4,0.28,0.09
93,94,T,-1,-3,-1,-2,-3,-2,-2,-3,-3,-3,-4,-2,-3,-4,-3,5,5,-5,-3,-3,0,0,0,0,0,0,0,0,0,0,0,0,0,0,0,60,40,0,0,0,1.04,0.29
94,95,Y,-4,-5,-5,-6,-5,-5,-5,-5,-3,-2,-2,-5,-2,8,-6,-4,-4,-1,4,-3,0,0,0,0,0,0,0,0,0,0,0,0,0,86,0,0,0,0,14,0,1.94,0.35
95,96,N,-1,-1,4,3,-4,1,4,-1,-1,-4,-3,0,-3,-4,-3,-1,-1,-4,-3,-3,6,2,28,18,0,3,31,3,1,0,1,3,0,0,0,0,3,0,0,1,0.57,0.16
96,97,A,0,0,6,0,-1,-1,-2,-2,5,-4,-4,-2,-3,-4,-3,2,-1,-5,-2,-3,8,3,50,2,2,0,0,1,18,0,0,0,0,0,0,16,1,0,0,1,0.82,0.22
97,98,L,-1,-4,-4,-5,0,-4,-4,-4,-4,4,2,-4,0,-2,-4,-3,-2,-4,-3,5,5,0,0,0,2,0,0,0,0,24,19,0,1,0,0,0,0,0,0,49,0.66,0.18
98,99,T,0,1,0,-1,-3,2,2,-1,0,-3,-3,2,-1,-4,3,0,1,-4,-3,-3,9,6,3,1,0,11,18,4,2,0,1,19,2,0,13,4,8,0,0,0,0.33,0.1
99,100,N,-1,4,3,1,-2,2,0,-2,2,-4,-3,2,-2,-4,-3,1,0,-4,-2,-3,4,26,17,8,1,11,3,0,6,0,0,11,1,0,0,8,4,0,0,0,0.42,0.12
100,101,W,-5,-6,-7,-7,-5,-5,-6,-5,-5,-6,-5,-6,-4,-2,-7,-6,-5,13,0,-6,0,0,0,0,0,0,0,0,0,0,0,0,0,0,0,0,0,100,0,0,4.26,0.56
101,102,L,-1,-3,-4,-5,-1,-3,-4,-5,-4,2,4,-4,3,0,-4,-2,-2,-3,-1,1,3,0,0,0,1,0,0,0,0,12,63,0,8,3,0,2,0,0,1,7,0.64,0.17
102,103,T,-1,2,0,0,-3,2,2,-1,1,-3,-3,3,-2,-3,-2,0,2,-3,-1,-3,0,13,4,3,0,10,16,3,4,1,1,22,0,1,0,7,15,0,1,0,0.32,0.11
103,104,D,-2,-2,1,4,-5,1,6,-3,-2,-5,-4,0,-1,-5,-3,-1,-1,-5,-4,-4,0,0,8,20,0,5,59,0,0,0,0,2,2,0,0,2,2,0,0,0,0.94,0.23
104,105,A,1,-4,-4,-4,0,-3,-4,-4,-4,4,3,-3,0,1,-4,-3,-1,-3,-2,2,13,0,0,0,1,0,0,0,0,39,31,0,0,4,0,0,2,0,0,9,0.49,0.15
105,106,R,-2,5,0,3,-5,2,2,-3,1,-4,-4,2,-3,-4,-3,-2,-2,-4,-2,-4,0,40,4,20,0,6,12,0,3,0,0,13,0,0,0,0,1,0,1,0,0.67,0.17
106,107,M,-1,2,0,2,-3,2,2,-1,0,-2,-2,1,0,-3,-2,0,1,-4,-2,-2,3,17,3,12,0,11,18,3,2,3,2,9,3,0,0,3,9,0,0,2,0.26,0.09
107,108,L,-3,-3,1,-3,-4,0,-3,-4,7,-3,-1,-3,-1,1,-4,-3,-3,-1,6,-3,0,0,8,0,0,3,0,0,38,0,8,0,1,4,0,0,0,0,38,0,1.15,0.26
108,109,A,5,-2,-2,-3,1,-2,-2,0,-3,-3,-3,-2,-2,-4,-2,2,1,-4,-3,-1,67,1,0,0,2,0,0,4,0,0,0,0,0,0,0,15,8,0,0,3,0.71,0.22
109,110,S,-1,-1,3,3,0,1,0,-1,0,-4,-4,-1,-3,-4,-1,3,1,3,-3,-3,4,2,15,25,2,7,3,1,2,0,0,0,0,0,2,26,7,5,0,1,0.41,0.13
110,111,Q,0,0,0,2,-1,2,3,-2,-1,-3,-3,0,-2,-4,4,1,-1,-4,-3,-3,10,3,2,16,1,9,20,0,1,0,0,4,1,0,21,10,3,0,0,0,0.47,0.12
111,112,N,-2,-1,6,3,-4,-1,0,0,-1,-5,-5,-1,-4,-5,-3,1,0,-5,-4,-4,1,1,53,20,0,2,2,7,0,0,0,2,0,0,0,8,4,0,0,0,0.85,0.21
112,113,I,1,-4,-4,-4,0,-3,-4,-4,-4,4,0,-3,2,-2,-4,-2,0,-4,-1,4,12,0,0,0,2,0,0,0,0,29,2,0,5,0,0,0,3,0,2,45,0.55,0.17
113,114,V,0,-2,1,-2,1,1,0,-2,-2,2,0,-2,0,-2,-3,-1,0,-4,-2,4,5,1,9,0,3,9,7,2,0,9,3,0,1,0,0,1,6,0,1,42,0.22,0.12
114,115,I,-2,1,-3,-3,-3,-1,-2,-4,-3,4,0,3,0,0,-3,-2,0,-4,-2,2,0,7,0,0,0,2,0,0,0,35,6,26,1,3,0,0,5,0,0,16,0.33,0.14
115,116,I,-1,-4,-4,-5,-3,-3,-4,-3,-4,3,2,-3,7,-1,-4,-3,-2,-3,-3,1,3,0,0,0,0,0,0,2,0,23,18,0,46,1,0,0,0,0,0,7,0.84,0.23
116,117,L,-3,-4,-5,-5,-3,-4,-5,-5,-5,2,6,-4,2,-1,-5,-4,-3,-3,-3,0,0,0,0,0,0,0,0,0,0,8,87,0,3,1,0,0,0,0,0,2,1.07,0.25
117,118,C,-1,-4,-4,-5,1,-4,-4,-4,-4,4,1,-4,0,-2,-4,-2,-2,-4,-3,5,4,0,0,0,3,0,0,0,0,31,9,0,0,0,0,2,0,0,0,52,0.71,0.19
118,119,G,-1,-4,-2,-3,-5,-4,-4,7,-4,-6,-6,-4,-5,-5,-4,-2,-4,-5,-5,-5,2,0,0,0,0,0,0,98,0,0,0,0,0,0,0,0,0,0,0,0,1.9,0.33
119,120,N,-4,-3,8,-1,-5,-2,-2,-3,1,-6,-6,-2,-4,-5,-4,-1,-2,-6,-4,-5,0,0,97,0,0,0,0,0,3,0,0,0,0,0,0,0,0,0,0,0,2.0,0.39
120,121,K,-3,0,-2,-3,-5,-1,-1,-4,-3,-5,-5,7,-4,-5,-3,-2,-3,-5,-4,-5,0,0,0,0,0,0,0,0,0,0,0,100,0,0,0,0,0,0,0,0,1.7,0.37
121,122,K,1,-3,0,-3,7,-2,-2,-2,-3,-1,-2,0,-2,-3,-3,3,0,-4,-3,0,14,0,4,0,30,0,0,0,0,3,3,5,0,0,0,32,3,0,0,6,0.59,0.18
122,123,D,-4,-4,-1,8,-6,-2,0,-4,-3,-5,-6,-3,-5,-6,-4,-2,-3,-7,-5,-6,0,0,0,100,0,0,0,0,0,0,0,0,0,0,0,0,0,0,0,0,2.11,0.38
123,124,L,-2,-3,-4,-2,0,-3,-2,-5,-4,0,5,-2,4,-1,-4,-2,-2,-3,-3,-1,1,0,0,3,2,0,2,0,0,1,72,2,15,0,0,3,0,0,0,1,0.77,0.21
124,125,D,1,1,0,1,-3,0,3,-1,-2,-1,-2,1,-2,-3,-1,1,1,1,-2,-1,15,11,4,8,0,0,26,3,0,3,1,6,0,0,1,7,8,2,0,6,0.21,0.08
125,126,A,0,-2,1,3,-3,1,2,-1,5,-3,-3,-1,-1,-3,-2,2,0,-4,-2,-2,10,0,4,16,0,6,18,2,17,0,0,0,1,0,0,17,7,0,0,1,0.4,0.13
126,127,D,-2,1,0,1,-3,3,1,-3,-1,-1,1,3,-1,-3,-2,0,-1,-3,-1,-2,0,6,5,7,0,17,10,0,0,3,18,26,0,0,0,6,0,0,2,0,0.26,0.11
127,128,R,-3,7,-2,-3,-5,-1,-2,-3,-2,-4,-4,3,-3,-5,-4,-3,-3,-5,-4,-2,0,81,0,0,0,0,0,2,0,0,1,13,0,0,0,0,0,0,0,3,1.43,0.3
128,129,E,3,-2,-2,0,-3,2,2,-2,0,-1,-2,-1,-2,-3,-2,-1,-1,-4,-3,3,31,0,0,3,0,15,17,0,2,1,0,2,0,0,0,1,1,0,0,28,0.33,0.15
129,130,V,-2,-5,-5,-5,-3,-4,-5,-5,-5,2,-1,-4,-1,-3,-4,-4,-2,-5,-3,7,0,0,0,0,0,0,0,0,0,7,0,0,0,0,0,0,0,0,0,93,1.33,0.31
130,131,T,0,-1,-1,2,-3,0,1,-1,-2,-3,-2,0,-2,-4,3,3,2,-4,-3,-3,2,1,0,11,0,3,7,2,0,0,4,4,0,0,16,37,14,0,0,0,0.45,0.15
131,132,F,-1,2,-1,-2,-3,-1,0,-3,0,-2,-2,1,-1,2,0,0,4,-2,2,-1,2,12,1,0,0,2,4,0,2,1,1,7,1,14,4,6,35,0,7,3,0.27,0.13
132,133,L,-1,-1,-1,2,-4,2,5,-3,0,-4,-1,0,-2,-1,-3,0,-1,1,-2,-3,3,0,1,8,0,7,55,1,2,0,6,4,0,4,0,5,2,2,0,0,0.59,0.18
133,134,E,-2,1,-1,3,-4,2,5,-3,-2,-3,-2,0,-3,-4,-3,-1,0,-4,-3,-2,1,9,0,20,0,10,44,0,0,1,4,3,0,0,0,0,5,0,0,3,0.6,0.17
134,135,A,5,-3,-2,-2,-3,-3,-3,5,-3,-4,-4,-3,-3,-4,-3,-1,-2,-4,-4,-3,55,0,0,1,0,0,0,43,0,0,0,0,0,0,0,1,0,0,0,0,0.97,0.24
135,136,S,-2,2,-1,-1,1,4,3,-3,0,-2,-3,4,-2,-4,-3,0,-2,-4,-1,-3,0,7,2,0,4,23,19,0,2,2,0,34,0,0,0,5,0,0,1,1,0.55,0.17
136,137,R,2,1,-1,0,-3,2,2,-2,-1,-3,-3,2,-1,-4,-2,1,1,-4,-3,-2,24,6,1,4,0,11,18,1,1,1,1,14,1,0,0,9,9,0,0,0,0.29,0.11
137,138,F,-3,-4,-5,-5,-3,-4,-5,-5,-3,0,3,-4,0,7,-5,-4,-3,-1,2,-1,0,0,0,0,0,0,0,0,0,3,37,0,0,52,0,0,0,0,6,1,1.04,0.23
138,139,A,6,-3,-3,-4,-1,-3,-3,-1,-4,-3,-3,-3,-3,-4,-3,0,-2,-5,-4,-2,93,0,0,0,1,0,0,1,0,0,0,0,0,0,0,4,0,0,0,1,1.21,0.31
139,140,Q,-1,2,-1,3,-4,2,4,-2,0,-4,-4,1,-2,-4,-3,-1,-2,-4,-3,-3,6,10,0,22,0,10,39,1,2,1,1,8,1,0,0,0,0,0,0,0,0.62,0.17
140,141,E,0,2,0,2,-4,2,4,-3,0,-4,-4,2,-3,-4,-2,1,-1,-4,-3,-3,5,9,2,8,0,7,34,0,2,0,0,17,0,0,0,13,2,0,0,0,0.49,0.14
141,142,N,-2,-2,3,-1,-1,0,2,-3,4,-2,1,-2,0,0,-3,-2,-1,-2,3,-2,0,0,20,0,1,3,19,0,14,1,17,0,2,3,0,0,2,0,15,1,0.34,0.14
142,143,E,-1,-2,2,1,-4,-1,-1,6,-3,-5,-5,-1,-4,-4,-3,0,-2,-4,-1,-4,0,1,9,7,0,3,3,66,0,0,0,3,0,0,0,7,0,0,2,0,0.94,0.2
143,144,L,-2,-4,-4,-5,1,-3,-4,-5,-4,3,4,-4,4,1,-4,-3,-1,-3,-2,1,0,0,0,0,4,0,0,0,0,25,47,0,14,4,0,0,2,0,0,4,0.63,0.17
144,145,M,-2,0,-1,-1,-2,0,0,-3,-2,0,1,0,1,2,3,0,-1,-2,1,-1,0,5,1,3,1,6,5,0,0,5,17,8,4,12,19,7,2,0,7,0,0.21,0.08
145,146,F,-3,-5,-5,-6,-4,-5,-5,-5,-3,-1,-1,-5,-2,8,-6,-4,-4,-1,3,-1,1,0,0,0,0,0,0,0,0,1,1,0,0,87,0,0,0,0,6,4,1.79,0.33
146,147,L,-2,-3,-4,-4,0,-3,-4,-4,-2,2,3,-1,5,2,-4,-2,-1,-2,0,0,0,0,0,0,2,0,0,0,1,15,34,4,25,11,0,1,2,0,3,3,0.49,0.15
147,148,E,-3,-2,-2,0,-6,0,7,-4,-2,-6,-5,-1,-4,-6,-3,-2,-3,-5,-4,-5,0,0,0,0,0,0,100,0,0,0,0,0,0,0,0,0,0,0,0,0,1.82,0.38
148,149,T,1,-3,-2,-3,0,-3,-3,-3,-4,-1,-3,-3,-2,-4,-3,0,7,-4,-4,-1,11,0,0,0,2,0,0,0,0,2,0,0,0,0,0,2,82,0,0,1,1.16,0.3
149,150,S,-1,-3,-1,-2,-3,-2,-2,-2,-3,-5,-5,-2,-4,-5,-3,7,-1,-5,-4,-4,0,0,0,0,0,0,0,0,0,0,0,0,0,0,0,100,0,0,0,0,1.51,0.37
150,151,A,6,-3,-4,-4,-2,-3,-3,-2,-4,-3,-3,-3,-3,-4,-3,0,-2,-5,-4,-2,99,0,0,0,0,0,0,0,0,0,0,0,0,0,0,1,0,0,0,0,1.37,0.33
151,152,L,-2,1,-3,-3,-1,-1,-2,-4,-3,-2,3,5,0,-2,-3,-2,-2,-4,-3,-2,0,6,0,0,2,0,0,0,0,0,34,56,2,1,0,0,0,0,0,0,0.68,0.22
152,153,T,-1,-2,2,3,-3,1,3,-3,-2,-3,-3,-1,-3,-4,-2,0,3,-4,-3,-3,4,0,11,23,0,5,25,0,0,0,1,0,0,0,0,5,27,0,0,0,0.54,0.16
153,154,G,3,-1,3,-1,-2,-2,-2,2,-2,-4,-4,-2,-3,-4,-2,3,-1,-4,-3,-3,30,2,21,2,0,0,0,12,0,0,0,0,0,0,0,33,0,0,0,0,0.54,0.18
154,155,E,-1,-1,0,-1,-1,0,1,-2,0,2,1,-1,1,-1,-2,0,3,-3,-2,1,1,1,3,3,1,2,10,1,3,16,11,1,5,2,0,6,26,0,0,9,0.13,0.08
155,156,N,-2,-3,8,-1,-5,-2,-2,-2,0,-5,-6,-2,-4,-5,-4,-1,-2,-6,-4,-5,3,0,93,0,0,0,0,1,2,0,0,0,0,0,0,1,0,0,0,0,1.81,0.36
156,157,V,-2,-4,-5,-5,-3,-4,-4,-5,-5,3,-1,-4,-1,-3,-4,-4,-2,-5,-3,6,0,0,0,0,0,0,0,0,0,13,1,0,0,0,0,0,0,0,0,86,1.22,0.29
157,158,E,-2,-1,1,4,-5,0,6,-2,-2,-5,-5,1,-4,-5,-3,-2,-2,-5,-4,-4,1,1,5,20,0,1,63,2,0,0,0,8,0,0,0,0,0,0,0,0,1.0,0.24
158,159,E,-1,-1,1,1,-4,3,4,-3,-1,-3,-2,2,-2,-4,-2,0,0,-4,-3,-3,3,0,8,6,0,15,41,0,0,0,6,12,0,0,1,2,6,0,0,0,0.52,0.16
159,160,A,5,-3,-3,-3,2,-2,-3,-2,-3,0,-2,-2,0,-3,-3,1,-1,-4,-3,0,70,0,0,0,4,0,0,0,0,7,2,0,3,0,0,7,2,0,0,7,0.67,0.21
160,161,F,-5,-5,-5,-6,-5,-6,-6,-6,-3,-2,-2,-5,-2,9,-6,-5,-4,-1,1,-3,0,0,0,0,0,0,0,0,0,0,0,0,0,100,0,0,0,0,0,0,2.25,0.39
161,162,V,-1,-1,0,-2,-2,1,2,-3,-2,1,1,-1,2,0,-3,-1,2,-2,0,0,2,1,4,0,0,6,17,0,0,11,19,0,10,4,0,2,17,0,4,5,0.15,0.09
162,163,Q,0,1,1,0,-1,0,2,-2,-1,-1,-1,1,0,-3,-2,1,2,-3,-2,-1,10,10,6,4,1,2,15,1,1,3,4,8,2,0,0,11,21,0,0,1,0.19,0.08
163,164,C,-1,-3,-4,-4,2,-3,-4,-4,-4,3,3,-3,4,-1,-4,-2,0,-3,-2,2,1,0,0,0,6,0,0,0,0,17,38,0,14,0,0,1,5,0,0,18,0.49,0.14
164,165,A,3,-3,-3,-3,-2,-2,-3,-2,-3,1,2,-2,0,-1,-3,0,1,-3,-2,2,42,0,0,0,0,0,0,0,0,7,22,0,1,2,0,2,10,0,0,15,0.34,0.14
165,166,R,0,3,0,1,-1,0,1,-1,-2,-3,-2,3,-2,-3,-2,0,2,-4,-3,-2,6,19,3,6,2,0,8,3,0,0,4,23,0,0,0,5,19,0,0,1,0.28,0.11
166,167,K,-1,0,-1,3,-3,2,3,-3,-2,-1,-1,1,-2,-1,-2,-1,0,-4,-2,-1,5,4,0,17,0,11,28,0,0,4,9,11,0,2,0,2,4,0,0,3,0.29,0.1
167,168,I,-3,-5,-5,-5,2,-4,-5,-5,-5,6,2,-4,0,-2,-5,-4,-2,-4,-3,2,0,0,0,0,4,0,0,0,0,75,16,0,0,0,0,0,0,0,0,5,1.05,0.25
168,169,L,-2,-1,-3,-3,2,-1,-2,-4,1,1,1,2,0,2,0,-2,-2,-1,5,-1,0,1,0,0,5,2,0,0,3,10,18,18,2,7,4,0,0,0,29,0,0.37,0.14
169,170,N,0,2,2,2,-3,2,2,-2,2,-3,-3,2,-1,-3,-2,0,0,-4,-1,-3,8,9,12,11,0,10,13,0,5,0,2,18,1,0,0,5,3,0,1,0,0.3,0.09
170,171,K,-2,4,1,-2,-3,0,-1,-3,-2,1,-1,4,-1,-3,-3,-1,-1,-4,-3,0,1,27,9,0,0,2,0,0,0,13,5,33,1,0,0,2,2,0,0,4,0.38,0.13
171,172,I,-2,-3,-4,-4,-2,-3,-4,-4,-4,4,1,-3,5,-1,-4,-3,-1,-3,-2,4,0,0,0,0,0,0,0,0,0,28,8,1,28,0,0,0,0,0,0,35,0.64,0.16
172,173,E,1,-1,1,1,-2,2,2,0,-1,-3,-3,1,-2,-3,-1,2,1,-3,-3,-2,10,0,5,7,0,11,14,5,0,1,0,9,0,0,2,29,6,0,0,0,0.29,0.07
173,174,S,0,1,1,2,-3,2,2,-1,-1,-4,-3,3,-2,-4,-1,2,-1,-4,-3,-3,3,3,4,13,0,7,15,1,0,0,0,31,0,0,2,22,0,0,0,0,0.39,0.09
174,175,G,0,-2,2,-1,-3,-2,-2,5,-2,-4,-4,-2,-3,-4,-2,2,-1,-3,-3,-3,3,0,10,0,0,0,0,59,0,0,0,0,0,0,0,28,0,0,0,0,0.74,0.09
175,176,E,-1,0,0,3,-4,2,5,-2,-1,-4,-3,1,-2,-4,-2,-1,-1,-4,-3,-3,0,0,0,18,0,7,67,0,0,0,0,8,0,0,0,0,0,0,0,0,0.72,0.06
